0.06397918474788122,0.32071800738246425,-0.5857466785447467,0
0.06561172090922618,0.3208480861998415,-0.5857466785447467,0.00098135426889107
0.06724447189151173,0.32097575222023567,-0.5857466785447467,0.00196270853778214
0.06887744012869867,0.32110093048309873,-0.5857466785447467,0.00294406280667321
0.07051062799740127,0.32122354213095194,-0.5857466785447467,0.00392541707556428
0.07214403780050427,0.3213435041231496,-0.5857466785447467,0.00490677134445535
0.07377767174817995,0.32146072892227884,-0.5857466785447467,0.00588812561334642
0.07541153193575445,0.32157512414995115,-0.5857466785447467,0.00686947988223749
0.07704562031800677,0.321686592208275,-0.5857466785447454,0.00785083415112856
0.0786799386792485,0.3217950298627723,-0.5857466785447467,0.00883218842001963
0.08031448859843282,0.32190032778186306,-0.5857466785447467,0.0098135426889107
0.08194927140846353,0.3220023700272989,-0.5857466785447467,0.0107948969578018
0.08358428814865393,0.3221010334890626,-0.5857466785447454,0.0117762512266928
0.0852195395090829,0.3221961872572141,-0.5857466785447467,0.0127576054955839
0.08685502576535042,0.3222876919219364,-0.5857466785447454,0.013738959764475
0.0884907467019358,0.3223753987915794,-0.5857466785447467,0.014720314033366
0.09012670152196112,0.3224591490167521,-0.5857466785447467,0.0157016683022571
0.09176288874066607,0.3225387726064133,-0.5857466785447467,0.0166830225711482
0.09339930605934699,0.32261408731938723,-0.5857466785447467,0.0176643768400393
0.09503595021573208,0.32268489741165296,-0.5857466785447454,0.0186457311089303
0.09667281680586015,0.3227509922160212,-0.5857466785447467,0.0196270853778214
0.09830990007124707,0.32281214452623663,-0.5857466785447454,0.0206084396467125
0.09994719264374186,0.3228681087519134,-0.5857466785447467,0.0215897939156035
0.10158468523839059,0.3229186188037252,-0.5857466785447467,0.0225711481844946
0.10322236628219605,0.3229633856595937,-0.5857466785447467,0.0235525024533857
0.10486022146330565,0.3230020945517451,-0.5857466785447467,0.0245338567222767
0.10649823318094476,0.3230344017007536,-0.5857466785447454,0.0255152109911678
0.1081363798706445,0.32305993050527904,-0.5857466785447467,0.0264965652600589
0.10977463517184716,0.32307826707387854,-0.5857466785447467,0.02747791952895
0.11141296689469016,0.3230889549565079,-0.5857466785447454,0.028459273797841
0.11305133572911763,0.32309148889589845,-0.5857466785447467,0.0294406280667321
0.11468969362037362,0.32308530736991514,-0.5857466785447467,0.0304219823356232
0.1163279817088736,0.32306978363098904,-0.5857466785447467,0.0314033366045142
0.11796612769553194,0.3230442148617463,-0.5857466785447467,0.0323846908734053
0.11960404244139378,0.32300780894839587,-0.5857466785447467,0.0333660451422964
0.12124161553510016,0.3229596682126634,-0.5857466785447454,0.0343473994111874
0.12287870945156665,0.32289876922054783,-0.5857466785447467,0.0353287536800785
0.12451515176173023,0.3228239374741515,-0.5857466785447467,0.0363101079489696
0.12615072460574073,0.3227338153493,-0.5857466785447467,0.0372914622178607
0.12778515026093973,0.3226268210018115,-0.5857466785447467,0.0382728164867517
0.12941807103620162,0.3225010950278284,-0.5857466785447454,0.0392541707556428
0.13104902075915792,0.32235443026785005,-0.5857466785447467,0.0402355250245339
0.13267738353077396,0.3221841780308399,-0.5857466785447467,0.0412168792934249
0.13430233272284609,0.32198712076183433,-0.5857466785447467,0.042198233562316
0.13592273848188285,0.32175929609095943,-0.5857466785447467,0.0431795878312071
0.13753702350656938,0.32149574915379775,-0.5857466785447454,0.0441609421000981
0.1391429310129062,0.3211901772819059,-0.5857466785447467,0.0451422963689892
0.14073713815223154,0.32083441112351174,-0.5857466785447467,0.0461236506378803
0.1423145868497684,0.32041764679285034,-0.5857466785447467,0.0471050049067713
0.14386727828189927,0.3199253094462209,-0.5857466785447454,0.0480863591756624
0.14538201975646659,0.3193374313295152,-0.5857466785447467,0.0490677134445535
0.14683613158629782,0.31862666861061695,-0.5857466785447467,0.0500490677134446
0.1481895946984899,0.3177573531393372,-0.5857466785447467,0.0510304219823356
0.14937395191762626,0.3166914310672999,-0.5857466785447467,0.0520117762512267
0.1502925441523426,0.3154140568255752,-0.5857466785447467,0.0529931305201178
0.15087217999385572,0.3139711725444956,-0.5857466785447467,0.0539744847890088
0.15114740464543264,0.3124504404123283,-0.5857466785447467,0.0549558390578999
0.1512593581897781,0.31091139177219573,-0.5857466785447467,0.055937193326791
0.15130729100658913,0.3093693977131773,-0.5857466785447454,0.056918547595682
0.15130191264602488,0.30782675161816186,-0.5857466785447467,0.0578999018645731
0.1512558169683249,0.3062847079005293,-0.5857466785447467,0.0588812561334642
0.1511901025471949,0.3047432948891269,-0.5857466785447454,0.0598626104023553
0.1511355112513999,0.3032014970887347,-0.5857466785447467,0.0608439646712463
0.15113140999257824,0.301658847514896,-0.5857466785447467,0.0618253189401374
0.15122069327134846,0.30011848543789155,-0.5857466785447467,0.0628066732090285
0.15143984720807202,0.2985896943908599,-0.5857466785447467,0.0637880274779195
0.15180815057018915,0.29708652380529554,-0.5857466785447454,0.0647693817468106
0.15232512104420382,0.2956226797476147,-0.5857466785447467,0.0657507360157017
0.15300984549549024,0.2942212102739974,-0.5857466785447467,0.0667320902845927
0.1538890268987556,0.29291948067318385,-0.5857466785447454,0.0677134445534838
0.15494932331979583,0.2917434381654054,-0.5857466785447454,0.0686947988223749
0.15615574851635494,0.2906996878614998,-0.5857466785447467,0.0696761530912659
0.15747116036012088,0.2897800443812295,-0.5857466785447454,0.070657507360157
0.15886528860694105,0.2889697037461987,-0.5857466785447454,0.0716388616290481
0.16031604193442028,0.28825288228240376,-0.5857466785447454,0.0726202158979392
0.16180794796896114,0.28761533160160835,-0.5857466785447454,0.0736015701668302
0.16333025112681132,0.2870450330286034,-0.5857466785447467,0.0745829244357213
0.16487541186952037,0.2865321209422187,-0.5857466785447454,0.0755642787046124
0.16643806380192783,0.28606856352675214,-0.5857466785447454,0.0765456329735034
0.16801431913917542,0.2856478152457105,-0.5857466785447454,0.0775269872423945
0.16960131029654746,0.28526451226196126,-0.5857466785447454,0.0785083415112856
0.17119688548496503,0.2849142255701256,-0.5857466785447454,0.0794896957801766
0.1727994039509455,0.28459326721056866,-0.5857466785447467,0.0804710500490677
0.1744075960553111,0.2842985399546536,-0.5857466785447467,0.0814524043179588
0.17602046605390864,0.28402742094932365,-0.5857466785447454,0.0824337585868499
0.177637223422624,0.2837776713724567,-0.5857466785447454,0.0834151128557409
0.17925723356822498,0.2835473658792429,-0.5857466785447454,0.084396467124632
0.18087998191638976,0.28333483710981255,-0.5857466785447467,0.0853778213935231
0.18250504737482132,0.283138631703147,-0.5857466785447454,0.0863591756624141
0.1841320824643793,0.2829574751532824,-0.5857466785447467,0.0873405299313052
0.1857607982598608,0.28279024350797144,-0.5857466785447467,0.0883218842001963
0.18739095284572427,0.2826359404018328,-0.5857466785447454,0.0893032384690873
0.18902234237258164,0.28249367828013905,-0.5857466785447467,0.0902845927379784
0.19065479260426832,0.2823626468567766,-0.5857466785447467,0.0912659470068695
0.1922881459274326,0.28224200500054586,-0.5857466785447454,0.0922473012757605
0.19392226849164307,0.2821309820932365,-0.5857466785447467,0.0932286555446516
0.19555705037646565,0.2820289267075611,-0.5857466785447467,0.0942100098135427
0.19719240009756533,0.28193528360038944,-0.5857466785447454,0.0951913640824338
0.198828240560871,0.2818495758892181,-0.5857466785447454,0.0961727183513248
0.20046450605195654,0.2817713913142197,-0.5857466785447454,0.0971540726202159
0.2021011399584729,0.28170037149883953,-0.5857466785447454,0.098135426889107
0.2037380930213497,0.2816362034481241,-0.5857466785447467,0.099116781157998
0.2053753219737664,0.2815786127422246,-0.5857466785447467,0.100098135426889
0.20701278846868298,0.2815273580316342,-0.5857466785447467,0.10107948969578
0.20865045822401673,0.28148222654444655,-0.5857466785447467,0.102060843964671
0.21028830033401902,0.28144303038936025,-0.5857466785447467,0.103042198233562
0.21192628670884317,0.281409603490931,-0.5857466785447454,0.104023552502453
0.21356439161411767,0.28138179903203064,-0.5857466785447467,0.105004906771344
0.2152025912890907,0.28135948730687277,-0.5857466785447454,0.105986261040236
0.21684086362713062,0.2813425539092058,-0.5857466785447454,0.106967615309127
0.21847918790593646,0.28133089819628054,-0.5857466785447467,0.107948969578018
0.22011754455773525,0.2813244319814745,-0.5857466785447467,0.108930323846909
0.22175591497172276,0.28132307841786064,-0.5857466785447467,0.1099116781158
0.2233942813226748,0.2813267710423619,-0.5857466785447467,0.110893032384691
0.22503262642080202,0.28133545295589846,-0.5857466785447454,0.111874386653582
0.226670933578919,0.2813490761194548,-0.5857466785447467,0.112855740922473
0.22830918649370613,0.2813676007496593,-0.5857466785447467,0.113837095191364
0.22994736913840552,0.2813909948003579,-0.5857466785447454,0.114818449460255
0.23158546566473914,0.28141923351902487,-0.5857466785447454,0.115799803729146
0.23322346031221652,0.281452299068776,-0.5857466785447454,0.116781157998037
0.23486133732322112,0.28149018020832695,-0.5857466785447454,0.117762512266928
0.2364990808625822,0.2815328720235306,-0.5857466785447454,0.118743866535819
0.23813667494035173,0.28158037570522665,-0.5857466785447454,0.119725220804711
0.23977410333684324,0.2816326983690378,-0.5857466785447467,0.120706575073602
0.24141134952887566,0.28168985291352255,-0.5857466785447467,0.121687929342493
0.2430483966164214,0.28175185791375723,-0.5857466785447454,0.122669283611384
0.24468522724880404,0.2818187375479888,-0.5857466785447467,0.123650637880275
0.2463218235496718,0.28189052155550187,-0.5857466785447467,0.124631992149166
0.24795816703992934,0.28196724522428873,-0.5857466785447454,0.125613346418057
0.24959423855793283,0.28204894940751113,-0.5857466785447467,0.126594700686948
0.2512300181760929,0.28213568056810745,-0.5857466785447454,0.127576054955839
0.25286548511310536,0.2822274908512472,-0.5857466785447467,0.12855740922473
0.254500617640949,0.28232443818465724,-0.5857466785447467,0.129538763493621
0.2561353929857093,0.282426586407162,-0.5857466785447467,0.130520117762512
0.25776978722127364,0.28253400542609475,-0.5857466785447467,0.131501472031403
0.25940377515477153,0.2826467714045584,-0.5857466785447467,0.132482826300294
0.26103733020260655,0.28276496697983955,-0.5857466785447467,0.133464180569185
0.26267042425568987,0.282888681514627,-0.5857466785447467,0.134445534838077
0.2643030275324427,0.2830180113830496,-0.5857466785447454,0.135426889106968
0.26593510841783474,0.2831530602939587,-0.5857466785447467,0.136408243375859
0.26756663328659847,0.2832939396543013,-0.5857466785447467,0.13738959764475
0.2691975663083872,0.2834407689759284,-0.5857466785447454,0.138370951913641
0.2708278692324697,0.2835936763297182,-0.5857466785447467,0.139352306182532
0.27245750114905976,0.28375279885150495,-0.5857466785447454,0.140333660451423
0.2740864182240206,0.2839182833049969,-0.5857466785447454,0.141315014720314
0.27571457340315964,0.28409028670766645,-0.5857466785447467,0.142296368989205
0.27734191608169345,0.28426897702649123,-0.5857466785447454,0.143277723258096
0.27896839173376264,0.28445453395149034,-0.5857466785447467,0.144259077526987
0.2805939414960379,0.28464714975620686,-0.5857466785447467,0.145240431795878
0.2822185016983172,0.28484703025571156,-0.5857466785447454,0.146221786064769
0.28384200333293985,0.2850543958743543,-0.5857466785447467,0.14720314033366
0.28546437145315284,0.28526948283744136,-0.5857466785447454,0.148184494602552
0.28708552448890523,0.2854925445033003,-0.5857466785447467,0.149165848871443
0.28870537346622993,0.2857238528549082,-0.5857466785447454,0.150147203140334
0.29032382111372623,0.2859637001734632,-0.5857466785447454,0.151128557409225
0.2919407608363076,0.28621240092011746,-0.5857466785447454,0.152109911678116
0.2935560755323534,0.28647029385664613,-0.5857466785447454,0.153091265947007
0.2951696362252254,0.28673774444132705,-0.5857466785447454,0.154072620215898
0.29678130047399165,0.28701514754290347,-0.5857466785447467,0.155053974484789
0.2983909105201268,0.2873029305234811,-0.5857466785447467,0.15603532875368
0.2999982911171297,0.2876015567508967,-0.5857466785447454,0.157016683022571
0.3016032469774672,0.28791152961289357,-0.5857466785447467,0.157998037291462
0.3032055597550922,0.2882333971198261,-0.5857466785447454,0.158979391560353
0.30480498446137116,0.2885677572003027,-0.5857466785447467,0.159960745829244
0.3064012451856615,0.28891526381591026,-0.5857466785447467,0.160942100098135
0.30799402995730163,0.2892766340479982,-0.5857466785447454,0.161923454367026
0.3095829845405291,0.28965265634270687,-0.5857466785447467,0.162904808635918
0.31116770525683446,0.29004419884086463,-0.5857466785447467,0.163886162904809
0.31274777573237844,0.29045206304223026,-0.5857466785447454,0.1648675171737
0.314322818595379,0.290876817772342,-0.5857466785447454,0.165848871442591
0.3158924275937165,0.29131904614776327,-0.5857466785447454,0.166830225711482
0.3174561526544495,0.291779384103668,-0.5857466785447467,0.167811579980373
0.31901349291428227,0.2922585271308653,-0.5857466785447454,0.168792934249264
0.32056388832360394,0.2927572381251182,-0.5857466785447467,0.169774288518155
0.322106709463827,0.29327635657248385,-0.5857466785447467,0.170755642787046
0.323641245108657,0.29381680934635335,-0.5857466785447454,0.171736997055937
0.3251666869124965,0.2943796234568796,-0.5857466785447467,0.172718351324828
0.32668211040714645,0.2949659411745922,-0.5857466785447467,0.173699705593719
0.32818645120907686,0.2955770380506977,-0.5857466785447454,0.17468105986261
0.32967847494926916,0.2962143444800398,-0.5857466785447454,0.175662414131501
0.3311567388863341,0.2968794716008045,-0.5857466785447454,0.176643768400393
0.3326195423748386,0.2975742424954433,-0.5857466785447467,0.177625122669284
0.3340648622197364,0.2983007298372349,-0.5857466785447467,0.178606476938175
0.3354902672784681,0.2990613012803731,-0.5857466785447467,0.179587831207066
0.33689280420547796,0.29985867393130805,-0.5857466785447467,0.180569185475957
0.3382688425604605,0.300695978968611,-0.5857466785447454,0.181550539744848
0.3396138620133655,0.30157683646741384,-0.5857466785447454,0.182531894013739
0.34092215622241473,0.30250543780491457,-0.5857466785447454,0.18351324828263
0.3421864161062884,0.3034866266944236,-0.5857466785447467,0.184494602551521
0.3433971390067254,0.3045259557317932,-0.5857466785447467,0.185475956820412
0.34454179141708074,0.30562966470407726,-0.5857466785447467,0.186457311089303
0.3456036424945197,0.306804462985123,-0.5857466785447467,0.187438665358194
0.3465602228742206,0.30805687297135886,-0.5857466785447454,0.188420019627085
0.3473815624103014,0.30939167785694366,-0.5857466785447467,0.189401373895976
0.3480289802422585,0.3108087795364638,-0.5857466785447467,0.190382728164868
0.34845655876688486,0.31229797293696393,-0.5857466785447467,0.191364082433759
0.3486189197056977,0.313833033749066,-0.5857466785447467,0.19234543670265
0.3484867718689515,0.3153706619267469,-0.5857466785447467,0.193326790971541
0.3480620159406005,0.3168605712828392,-0.5857466785447467,0.194308145240432
0.34737795883692235,0.3182623296518483,-0.5857466785447467,0.195289499509323
0.34648390067223644,0.3195550447003641,-0.5857466785447467,0.196270853778214
0.34542865246281185,0.32073510583898157,-0.5857466785447467,0.197252208047105
0.34425236052088803,0.3218089165841149,-0.5857466785447467,0.198233562315996
0.34298528528584193,0.322786880496269,-0.5857466785447467,0.199214916584887
0.3416494568292976,0.3236800516478,-0.5857466785447454,0.200196270853778
0.3402607994333997,0.3244986780950516,-0.5857466785447467,0.201177625122669
0.3388309005179013,0.32525173390809825,-0.5857466785447467,0.20215897939156
0.337368473213449,0.3259472065512685,-0.5857464617343453,0.203140333660451
0.3358808978487382,0.32659366633874565,-0.5857445550542175,0.204121687929342
0.3343737387651142,0.32719857436598865,-0.5857393659246508,0.205103042198234
0.33285098621981346,0.327767804833057,-0.585729665514842,0.206084396467125
0.33131558165347075,0.32830605622596454,-0.5857144734887982,0.207065750736016
0.32976974619082755,0.3288171437344365,-0.5856929819057752,0.208047105004907
0.32821519251087783,0.3293042083537723,-0.5856645042214492,0.209028459273798
0.3266532656532304,0.3297698686236856,-0.5856284401531988,0.210009813542689
0.3250850391349245,0.33021633245698334,-0.5855842508300532,0.21099116781158
0.3235113821478821,0.33064548081862255,-0.5855314407657893,0.211972522080471
0.32193300755351273,0.33105893125629726,-0.5854695444513931,0.212953876349362
0.3203505068267749,0.3314580867964019,-0.5853981161290247,0.213935230618253
0.31876437594327856,0.3318441740589362,-0.585316721787233,0.214916584887144
0.3171750348610407,0.3322182733232384,-0.5852249327215597,0.215897939156035
0.3155828423940379,0.33258134250850313,-0.5851223202025799,0.216879293424926
0.31398810771881824,0.33293423650005827,-0.5850084509243276,0.217860647693817
0.3123910993862644,0.33327772287748214,-0.5848828829938959,0.218842001962709
0.310792052461325,0.3336124948335013,-0.5847451622825377,0.2198233562316
0.30919117424178655,0.33393918187990446,-0.5845948189991672,0.220804710500491
0.307588648887678,0.33425835879607635,-0.5844313643746777,0.221786064769382
0.3059846412080345,0.33457055317203466,-0.5842542873638652,0.222767419038273
0.3043792997910648,0.3348762518205721,-0.5840630512833326,0.223748773307164
0.30277275961979955,0.335175906275043,-0.5838570903103774,0.224730127576055
0.30116514428308117,0.33546993754536714,-0.5836358057703066,0.225711481844946
0.29955656786798324,0.3357587402713076,-0.5833985621387253,0.226692836113837
0.29794713660234806,0.3360426863864874,-0.5831446826811686,0.227674190382728
0.2963369503029818,0.33632212838696773,-0.5828734446452223,0.228655544651619
0.29472610367561125,0.33659740228329094,-0.5825840739096249,0.22963689892051
0.29311468750587255,0.3368688303035985,-0.5822757389805544,0.230618253189401
0.2915027897758111,0.3371367234071687,-0.581947544206475,0.231599607458292
0.2898904967375686,0.3374013836619538,-0.5815985220588008,0.232580961727184
0.2882778939746682,0.3376631065361302,-0.5812276242948227,0.233562315996075
0.286665067481523,0.3379221831521779,-0.5808337117798967,0.234543670264966
0.2850521047939052,0.33817890255251726,-0.5804155426956581,0.235525024533857
0.28343909620675545,0.33843355402842734,-0.5799717587962113,0.236506378802748
0.2818261361219099,0.3386864295690952,-0.5795008692907162,0.237487733071639
0.2802133245771472,0.33893782649571125,-0.5790012318217613,0.23846908734053
0.2786007690208281,0.3391880503572893,-0.5784710298657931,0.239450441609421
0.27698858641418456,0.33943741818146433,-0.5779082456920157,0.240431795878312
0.27537690576877805,0.3396862621965595,-0.5773106277617064,0.241413150147203
0.27376587126229923,0.339934934173141,-0.5766756511049629,0.242394504416094
0.2721556461269661,0.340183810577676,-0.5760004687384914,0.243375858684985
0.27054641757872,0.34043329879312223,-0.5752818515295061,0.244357212953876
0.26893840316369655,0.34068384474946045,-0.574516112981192,0.245338567222767
0.2673318590605409,0.34093594243384207,-0.5736990140816416,0.246319921491658
0.26572709112356097,0.341190145934962,-0.5728256414113113,0.24730127576055
0.26412446983574345,0.3414470849511464,-0.5718902488062716,0.248282630029441
0.2625244509528537,0.3417074851087061,-0.5708860484683652,0.249263984298332
0.2609276046241493,0.3419721950844099,-0.569804930553502,0.250245338567223
0.2593346574734896,0.3422422235564764,-0.5686370793046986,0.251226692836114
0.25774655510022937,0.3425187906962195,-0.5673704357491935,0.252208047105005
0.25616455788538506,0.3428034017652497,-0.565989926281683,0.253189401373896
0.25459039335239053,0.3430979553771638,-0.5644763222833569,0.254170755642787
0.2530265092162718,0.34340490806967194,-0.5628044963124776,0.255152109911678
0.25147623342056336,0.3437270405718287,-0.5609435844574207,0.256133464180569
0.24994187852915983,0.34406401365606776,-0.5588777394640392,0.25711481844946
0.24842406265116668,0.344412664144752,-0.5566097658091196,0.258096172718351
0.2469215982883961,0.344768201235641,-0.5541586435046677,0.259077526987242
0.24543127856491953,0.34512481241569026,-0.5515590455230391,0.260058881256133
0.2439504738743734,0.3454789687163795,-0.5488393085216747,0.261040235525025
0.24247886588300682,0.3458304587910621,-0.54600811463187,0.262021589793916
0.24101627724490404,0.34617929757921884,-0.5430722633140419,0.263002944062807
0.23956250458499384,0.3465255062072621,-0.5400380964335254,0.263984298331698
0.23811732383032047,0.34686911052109104,-0.5369115344870383,0.264965652600589
0.23668049454402817,0.3472101398596852,-0.5336981112419177,0.26594700686948
0.23525176341361465,0.3475486260312173,-0.5304030065805463,0.266928361138371
0.23383086702285838,0.34788460245828623,-0.5270310774657108,0.267909715407262
0.23241753401645004,0.3482181034635292,-0.5235868870316955,0.268891069676153
0.23101148674842698,0.3485491636709772,-0.520074731869267,0.269872423945044
0.22961244248938084,0.34887781750205926,-0.5164986676174066,0.270853778213935
0.22822011425349698,0.3492040987482028,-0.512862533006144,0.271835132482826
0.22683421129403114,0.3495280402044829,-0.5091699725172973,0.272816486751717
0.22545443930504505,0.3498496733508565,-0.5054244578469538,0.273797841020608
0.22408050035734917,0.35016902806916295,-0.501629308367675,0.2747791952895
0.2227120925877566,0.35048613238534054,-0.49778771080214756,0.275760549558391
0.22134890965238752,0.35080101222721116,-0.49390273833545906,0.276741903827282
0.2199906399466649,0.3511136911887349,-0.48997736941222636,0.277723258096173
0.21863696558639334,0.351424190291846,-0.4860145064898381,0.278704612365064
0.21728756113576275,0.35173252773678665,-0.4820169950525487,0.279685966633955
0.2159420920584334,0.3520387186312728,-0.47798764323609766,0.280667320902846
0.21460021285696107,0.35234277468772723,-0.47392924247327783,0.281648675171737
0.21326156485256687,0.35264470387610913,-0.4698445896527065,0.282630029440628
0.21192577354125297,0.3529445100173829,-0.4657365113937527,0.283611383709519
0.21059244544163525,0.3532421922991289,-0.46160789119090584,0.28459273797841
0.20926116432378028,0.3535377446898331,-0.45746170038618494,0.285574092247301
0.20793148667348071,0.3538311552214286,-0.4533010342111946,0.286555446516192
0.20660293620039738,0.3541224050998535,-0.4491291545342745,0.287536800785083
0.20527499713565267,0.3544114675894037,-0.4449495415032584,0.288518155053974
0.20394710597810906,0.35469830659653545,-0.4407659570676037,0.289499509322866
0.20261864122787876,0.35498287484925695,-0.4365825245155973,0.290480863591757
0.20128891047393993,0.3552651115242651,-0.43240382986533066,0.291462217860648
0.19995713395498083,0.3555449391069829,-0.42823505351716096,0.292443572129539
0.19862242334836067,0.35582225916523846,-0.42408214453898974,0.29342492639843
0.19728375399660436,0.35609694655023194,-0.4199520562276048,0.294406280667321
0.1959399279476879,0.3563688412629302,-0.41585307180131403,0.295387634936212
0.19458952631379933,0.35663770535022343,-0.4117951995745367,0.296368989205103
0.19323092934961394,0.3569023766760999,-0.40778889791815986,0.297350343473994
0.19186239206823208,0.35716050688840006,-0.4038444006688019,0.298331697742885
0.19048206598276818,0.3574092987785882,-0.3999730911026491,0.299313052011776
0.18908808010335676,0.3576455584379108,-0.3961874554191348,0.300294406280667
0.18767866156727941,0.3578657510805714,-0.392500787632432,0.301275760549558
0.18625228918162384,0.3580661159665628,-0.3889266828435396,0.302257114818449
0.18480786320302145,0.35824284756771885,-0.38547830191100974,0.303238469087341
0.18334486111160153,0.3583923353740721,-0.3821674457037251,0.304219823356232
0.1818634408873474,0.3585114343064151,-0.37900355228157134,0.305201177625123
0.18036445800695877,0.35859771899781023,-0.3759927977180194,0.306182531894014
0.17884938289917507,0.35864966891490613,-0.3731375003994477,0.307163886162905
0.17732013510281264,0.35866674447252245,-0.37043597258289773,0.308145240431796
0.17577887465402298,0.3586493435238758,-0.3678828454952302,0.309126594700687
0.17422779838872704,0.3585986595147741,-0.3654697683554242,0.310107948969578
0.17266897780581925,0.3585164828666272,-0.3631863043826108,0.311089303238469
0.17110425485890834,0.35840498988515046,-0.36102084130773937,0.31207065750736
0.16953519348245516,0.358266552741604,-0.35896138268446265,0.313052011776251
0.16796307389772003,0.35810358840424383,-0.3569961536160736,0.314033366045142
0.16638891394233424,0.357918450787055,-0.35511401149481536,0.315014720314033
0.1648135038597498,0.35771336179810276,-0.35330468709663065,0.315996074582924
0.1632374450176597,0.35749037320404065,-0.3515588953680473,0.316977428851816
0.16166118689850384,0.3572513507214645,-0.34986835552981266,0.317958783120707
0.16008505960895825,0.35699797290140856,-0.348225753719838,0.318940137389598
0.1585093010098142,0.35673173907660427,-0.3466246730969118,0.319921491658489
0.15693407859640707,0.35645398229004455,-0.34505950864143575,0.32090284592738
0.15535950673941512,0.35616588447378694,-0.3435253777705026,0.321884200196271
0.15378566005201222,0.35586849215290894,-0.3420180334362778,0.322865554465162
0.15221258363653112,0.35556273165288665,-0.34053378334506923,0.323846908734053
0.15064029202846907,0.3552494447968233,-0.33906950787865997,0.324828263002944
0.14906872029246077,0.3549295250563853,-0.3376231975527343,0.325809617271835
0.1474977775719517,0.3546037918180951,-0.33619347272481515,0.326790971540726
0.14592738207086486,0.35427293297658813,-0.33477918228541714,0.327772325809617
0.1443574600352957,0.35393753295490327,-0.3333793551622264,0.328753680078508
0.1427879446668292,0.35359809382839025,-0.3319931655505922,0.329735034347399
0.14121877517537174,0.35325505126547974,-0.3306199064810422,0.33071638861629
0.1396498959631367,0.3529087867589713,-0.32925896941031774,0.331697742885182
0.1380812559249922,0.3525596371515065,-0.32790982824583237,0.332679097154073
0.13651280784930786,0.3522079021536404,-0.32657202668782515,0.333660451422964
0.13494450790423462,0.351853850349912,-0.32524516809177006,0.334641805691855
0.13337631519607118,0.35149772405043866,-0.32392890727152757,0.335623159960746
0.13180819138826516,0.35113974325011665,-0.3226229438157815,0.336604514229637
0.1302401003713347,0.3507801088903024,-0.32132701659812324,0.337585868498528
0.12867200797561007,0.35041900556977224,-0.32004089923889667,0.338567222767419
0.12710388171993348,0.35005660381687775,-0.31876439633359455,0.33954857703631
0.12553569059072056,0.34969306200918315,-0.3174973403046686,0.340529931305201
0.12396740484659863,0.3493285280077829,-0.31623958876505576,0.341511285574092
0.12239899584466096,0.3489631405591689,-0.3149910223055632,0.342492639842983
0.12083043588502118,0.34859703050660706,-0.31375154263650995,0.343473994111874
0.11926169807084919,0.34823032184463254,-0.3125210710281606,0.344455348380765
0.11769275618151398,0.34786313264380886,-0.311299547005494,0.345436702649657
0.11612358455678273,0.3474955758678633,-0.3100869272615896,0.346418056918548
0.11455415799039281,0.34712776010136137,-0.30888318476080845,0.347399411187439
0.11298445163142334,0.34675979020297154,-0.30768830800858504,0.34838076545633
0.11141444089225705,0.34639176789689374,-0.30650230046911353,0.349362119725221
0.1098441013619127,0.34602379231307223,-0.30532518011603027,0.350343473994112
0.10827340872378866,0.3456559604852383,-0.304156979104245,0.351324828263003
0.10670233867690038,0.34528836781459105,-0.30299774355375453,0.352306182531894
0.10513086685983364,0.3449211085059223,-0.30184753343851756,0.353287536800785
0.10355896877661497,0.34455427598222754,-0.3007064225754842,0.354268891069676
0.10198661972389567,0.3441879632832301,-0.2995744987106316,0.355250245338567
0.10041379471872536,0.3438222634527839,-0.29845186370053645,0.356231599607458
0.0988404684263735,0.3434572699198051,-0.29733863378954606,0.357212953876349
0.0972666150875674,0.34309307687714763,-0.29623493998412864,0.35819430814524
0.09569220844458348,0.3427297796627351,-0.29514092852748963,0.359175662414132
0.09411722166563541,0.34236747514723587,-0.2940567614791104,0.360157016683023
0.0925416272669144,0.3420062621326525,-0.2929826174054838,0.361138370951914
0.09096539703179207,0.3416462417663586,-0.29191869219011446,0.362119725220805
0.08938850192645864,0.34128751797540535,-0.29086519997279403,0.363101079489696
0.08781091201143609,0.3409301979262842,-0.28982237423037027,0.364082433758587
0.0862325963482573,0.34057439251586197,-0.28879046901370675,0.365063788027478
0.08465352290059114,0.3402202168998216,-0.2877697603584465,0.366045142296369
0.0830736584290448,0.3398677910657777,-0.2867605478905342,0.36702649656526
0.08149296837880615,0.3395172404592144,-0.28576315665142094,0.368007850834151
0.07991141675929425,0.3391686966716392,-0.28477793917260685,0.368989205103042
0.07832896601475481,0.33882229820185095,-0.28380527783476717,0.369970559371933
0.07674557688490635,0.33847819130307877,-0.2828455875535063,0.370951913640824
0.07516120825440797,0.338136530931044,-0.2818993188420247,0.371933267909715
0.07357581699010729,0.3377974818107907,-0.28096696131099175,0.372914622178606
0.07198935776475257,0.3374612196436446,-0.2800490476782208,0.373895976447498
0.07040178286599397,0.33712793247996475,-0.2791461583760385,0.374877330716389
0.06881304198937865,0.33679782228879174,-0.2782589268630925,0.37585868498528
0.06722308201423477,0.33647110676229297,-0.2773880457711654,0.376840039254171
0.0656318467613961,0.33614802140151356,-0.27653427404746034,0.377821393523062
0.06403927673220222,0.3358288219409322,-0.27569844529089294,0.378802747791953
0.06244530882866228,0.3355137871833924,-0.274881477529736,0.379784102060844
0.060849883760779155,0.3352031969646745,-0.2740842944740638,0.380765456329735
0.05925298705488813,0.33489719562760434,-0.2733073368461987,0.381746810598626
0.05765462259894183,0.33459587288779447,-0.2725508438216647,0.382728164867517
0.05605479517388412,0.33429932060969203,-0.271815053158009,0.383709519136408
0.05445351046822755,0.3340076329720516,-0.2711002010136476,0.384690873405299
0.05285077513109471,0.33372090651172237,-0.270406521265508,0.38567222767419
0.05124659682734878,0.3334392401646429,-0.2697342447401293,0.386653581943081
0.049640984294835544,0.3331627353033271,-0.2690835983479015,0.387634936211973
0.04803394740364286,0.33289149577003085,-0.26845480410874056,0.388616290480864
0.04642549721725464,0.332625627904636,-0.2678480780560366,0.389597644749755
0.044815646055503366,0.3323652405661546,-0.26726362900401435,0.390578999018646
0.043204407559069846,0.33211044514657173,-0.26670165716164496,0.391560353287537
0.04159179675531299,0.33186135557553964,-0.2661623525740835,0.392541707556428
0.0399778301251017,0.3316180883142015,-0.2656458933700112,0.393523061825319
0.038362525670254444,0.33138076233615243,-0.26515244379033,0.39450441609421
0.036745902981111245,0.33114949909321423,-0.2646821519702818,0.395485770363101
0.035127983303579136,0.33092442246333276,-0.2642351474432031,0.396467124631992
0.03350878960505832,0.3307056586774788,-0.26381153832956483,0.397448478900883
0.031888346638274445,0.3304933362218976,-0.2634114081698081,0.398429833169774
0.030266681002083295,0.3302875857114833,-0.26303481235341186,0.399411187438665
0.02864382119801334,0.33008853972932695,-0.2626817740896097,0.400392541707556
0.02701979768120677,0.3298963326266684,-0.2623522798570015,0.401373895976448
0.025394642904097653,0.3297111002765025,-0.26204627425972915,0.402355250245339
0.0237683913510216,0.3295329797729214,-0.26176365420668246,0.40333660451423
0.022141079561624366,0.3293621090669119,-0.26150426231706214,0.404317958783121
0.02051274614070797,0.3291986265276794,-0.26126787944010743,0.405299313052012
0.018883431751852697,0.32904267041660473,-0.2610542161585093,0.406280667320903
0.017253179091951454,0.328894378258616,-0.26086290312338434,0.407262021589794
0.015622032843485067,0.32875388609291356,-0.2606934800429255,0.408243375858685
0.013990039601362358,0.32862132758160656,-0.2605453831162621,0.409224730127576
0.012357247770983903,0.328496832950687,-0.2604179306674792,0.410206084396467
0.010723707434580287,0.3283805277327725,-0.2603103066909668,0.411187438665358
0.009089470183256454,0.3282725312749524,-0.2602215419667815,0.412168792934249
0.007454588913388127,0.32817295496759424,-0.2601504923414939,0.41315014720314
0.0058191175876971535,0.3280819001407964,-0.2600958136938608,0.414131501472031
0.004183110964411041,0.32799945556386323,-0.2600559330127449,0.415112855740922
0.002546624302357081,0.3279256944691573,-0.2600290149036052,0.416094210009814
0.0009097130569484246,0.3278606710043057,-0.2600129227056438,0.417075564278705
-0.000727567407682761,0.3278044159950708,-0.2600051732396079,0.418056918547596
-0.002365162049631997,0.32775693187417,-0.2600028840110291,0.419038272816487
-0.0040030160586017605,0.3277181790449144,-0.2600027617407825,0.420019627085378
-0.005641069334462845,0.32768779734451936,-0.26000276174078396,0.421000981354269
-0.007279260398292187,0.32766493194958035,-0.2600027617407825,0.42198233562316
-0.00891753812524898,0.32764846726765806,-0.2600027617407825,0.422963689892051
-0.010555864298431139,0.3276370500649304,-0.2600027617407825,0.423945044160942
-0.012194213661552822,0.32762911370946446,-0.2600027617407825,0.424926398429833
-0.013832571510899228,0.3276229223435325,-0.26000276174078396,0.425907752698724
-0.015470928939623318,0.3276166330721546,-0.26000276174078396,0.426889106967615
-0.01710927648592586,0.32760837089119965,-0.26000276174078396,0.427870461236506
-0.018747597443458663,0.3275963083932345,-0.2600027617407825,0.428851815505397
-0.02038586225343908,0.3275787411497477,-0.2600027617407825,0.429833169774289
-0.02202402513047408,0.32755415048287984,-0.2600027617407825,0.43081452404318
-0.0236620234784386,0.3275212478552678,-0.2600027617407825,0.431795878312071
-0.025299779960472057,0.3274789985227331,-0.2600027617407825,0.432777232580962
-0.02693720653837517,0.3274266254264637,-0.26000276174078396,0.433758586849853
-0.028574209531707306,0.32736359677329707,-0.2600027617407825,0.434739941118744
-0.030210694771120927,0.3272896020205842,-0.2600027617407825,0.435721295387635
-0.03184657214147402,0.32720452112392495,-0.26000276174078396,0.436702649656526
-0.033481759106849696,0.3271083912577524,-0.2600027617407825,0.437684003925417
-0.03511618308354414,0.3270013741805975,-0.26000276174078396,0.438665358194308
-0.03674978272721019,0.32688372631818474,-0.2600027617407825,0.439646712463199
-0.03838250831461998,0.32675577268301237,-0.2600027617407825,0.44062806673209
-0.040014321443906264,0.32661788502652955,-0.2600027617407825,0.441609421000981
-0.041645194271926256,0.3264704641356182,-0.2600027617407825,0.442590775269872
-0.043275108475973934,0.3263139259016643,-0.2600027617407825,0.443572129538764
-0.04490405408586018,0.3261486906563029,-0.2600027617407825,0.444553483807655
-0.04653202829152614,0.3259751752333129,-0.26000276174078396,0.445534838076546
-0.04815903429613588,0.32579378724116226,-0.2600027617407825,0.446516192345437
-0.04978508025691153,0.32560492108658523,-0.2600027617407825,0.447497546614328
-0.05141017833540462,0.3254089553573549,-0.2600027617407825,0.448478900883219
-0.05303434386491035,0.32520625124075275,-0.2600027617407825,0.44946025515211
-0.0546575997175025,0.3249971867113184,-0.2600027617407825,0.450441609421001
-0.05628001854101472,0.32478243908725934,-0.2600027617407825,0.451422963689892
-0.057901694095744305,0.32456277054489613,-0.2600027617407825,0.452404317958783
-0.059522711739138146,0.3243388382340264,-0.2600027617407825,0.453385672227674
-0.061143149116813844,0.3241112130312096,-0.26000276174078396,0.454367026496565
-0.06276307709577067,0.32388039570486304,-0.2600027617407825,0.455348380765456
-0.06438256058922598,0.32364682947408063,-0.2600027617407825,0.456329735034347
-0.06600165927822521,0.32341090989986765,-0.26000276174078396,0.457311089303238
-0.06762042823974457,0.3231729927727027,-0.2600027617407825,0.45829244357213
-0.06923891849230612,0.3229334004742763,-0.2600027617407825,0.459273797841021
-0.07085717746988796,0.3226924271628142,-0.2600027617407825,0.460255152109912
-0.07247524943398487,0.32245034304120357,-0.2600027617407825,0.461236506378803
-0.07409317583255626,0.32220739790274844,-0.2600027617407825,0.462217860647694
-0.07571099561340933,0.321963824102826,-0.2600027617407825,0.463199214916585
-0.07732874549850388,0.32171983907051915,-0.26000276174078396,0.464180569185476
-0.0789464602246942,0.32147564744895085,-0.2600027617407825,0.465161923454367
-0.0805641727555807,0.32123144293400263,-0.2600027617407825,0.466143277723258
-0.08218191446843959,0.3209874098666734,-0.2600027617407825,0.467124631992149
-0.08379971531957298,0.3207437246232785,-0.26000276174078396,0.46810598626104
-0.08541760399091347,0.32050055683917344,-0.2600027617407825,0.469087340529931
-0.0870356080202832,0.3202580704950533,-0.2600027617407825,0.470068694798822
-0.08865375391731889,0.3200164248897024,-0.2600027617407825,0.471050049067713
-0.0902720672667865,0.31977577551896186,-0.2600027617407825,0.472031403336605
-0.09189057282071611,0.3195362748774806,-0.2600027617407825,0.473012757605496
-0.09350929458056778,0.3192980731972319,-0.2600027617407825,0.473994111874387
-0.09512825587044205,0.3190613191347491,-0.2600027617407825,0.474975466143278
-0.09674747940216799,0.31882616041741985,-0.26000276174078396,0.475956820412169
-0.09836698733294957,0.3185927444578964,-0.2600027617407825,0.47693817468106
-0.09998680131611315,0.31836121894467895,-0.2600027617407825,0.477919528949951
-0.10160694254536717,0.31813173241614945,-0.2600027617407825,0.478900883218842
-0.10322743179286908,0.3179044348247704,-0.2600027617407825,0.479882237487733
-0.10484828944127977,0.31767947809771746,-0.2600027617407825,0.480863591756624
-0.10646953550986415,0.3174570166999846,-0.2600027617407825,0.481844946025515
-0.10809118967459219,0.31723720820582124,-0.26000276174078396,0.482826300294406
-0.10971327128206376,0.3170202138843885,-0.2600027617407825,0.483807654563297
-0.11133579935695648,0.3168061993055955,-0.2600027617407825,0.484789008832188
-0.11295879260254882,0.3165953349723203,-0.2600027617407825,0.48577036310108
-0.11458226939371652,0.3163877969855613,-0.2600027617407825,0.486751717369971
-0.11620624776160793,0.3161837677495425,-0.2600027617407825,0.487733071638862
-0.11783074536899829,0.31598343672442075,-0.2600027617407825,0.488714425907753
-0.11945577947507435,0.31578700123501346,-0.2600027617407825,0.489695780176644
-0.12108136688809212,0.31559466734493813,-0.2600027617407825,0.490677134445535
-0.12270752390400408,0.31540665080670993,-0.2600027617407825,0.491658488714426
-0.12433426622872179,0.31522317809977096,-0.2600027617407825,0.492639842983317
-0.1259616088811425,0.3150444875701177,-0.2600027617407825,0.493621197252208
-0.12758956607343508,0.31487083068724653,-0.26000276174078396,0.494602551521099
-0.12921815106429124,0.31470247343660906,-0.2600027617407825,0.49558390578999
-0.1308473759798492,0.31453969786872893,-0.2600027617407825,0.496565260058881
-0.13247725159579116,0.3143828038297294,-0.2600027617407825,0.497546614327772
-0.1341077870725732,0.31423211090235714,-0.2600027617407825,0.498527968596663
-0.13573898963381348,0.31408796059186295,-0.26000276174078396,0.499509322865554
-0.1373708641754291,0.31395071879753367,-0.26000276174078396,0.500490677134446
-0.13900341278998296,0.31382077861853785,-0.26000276174078396,0.501472031403337
-0.14063663418672412,0.31369856355244097,-0.2600027617407825,0.502453385672228
-0.14227052298263776,0.31358453115670293,-0.2600027617407825,0.503434739941119
-0.14390506883315612,0.31347917725835184,-0.26000276174078396,0.50441609421001
-0.14554025536242066,0.31338304081558466,-0.2600027617407825,0.505397448478901
-0.14717605884149876,0.3132967095583927,-0.2600027617407825,0.506378802747792
-0.14881244377162717,0.31322077350949584,-0.2600027617407825,0.507360157016683
-0.15044935050173602,0.3131555659962506,-0.2600027617407825,0.508341511285574
-0.15208670835967775,0.3131013215724545,-0.2600027617407825,0.509322865554465
-0.1537244413798189,0.31305827348032156,-0.2600027617407825,0.510304219823356
-0.15536246820709654,0.3130266528082559,-0.2600027617407825,0.511285574092247
-0.15700070203161254,0.31300668743886306,-0.2600027617407825,0.512266928361138
-0.15863905056636973,0.3129986008973895,-0.2600027617407825,0.513248282630029
-0.16027741607525625,0.3130026110994064,-0.26000276174078396,0.514229636898921
-0.16191569545870443,0.31301892899800654,-0.2600027617407825,0.515210991167812
-0.1635537804046,0.3130477571325365,-0.2600027617407825,0.516192345436703
-0.16519155761201532,0.31308928808288794,-0.2600027617407825,0.517173699705594
-0.16682890909511472,0.31314370283567006,-0.26000276174078396,0.518155053974485
-0.1684657125740906,0.3132111690711037,-0.2600027617407825,0.519136408243376
-0.17010184195921774,0.31329183938224303,-0.26000276174078396,0.520117762512267
-0.17173716793300287,0.31338584944104286,-0.26000276174078396,0.521099116781158
-0.17337155863394604,0.3134933161287883,-0.2600027617407825,0.522080471050049
-0.17500488044359008,0.31361433565145447,-0.2600027617407825,0.52306182531894
-0.17663699887634754,0.3137489816634509,-0.2600027617407825,0.524043179587831
-0.17826777956902362,0.3138973034259325,-0.2600027617407825,0.525024533856722
-0.17989708936410898,0.314059324028209,-0.2600027617407825,0.526005888125613
-0.1815247974778037,0.3142350387026285,-0.2600027617407825,0.526987242394504
-0.18315077674048375,0.3144244132645533,-0.2600027617407825,0.527968596663395
-0.1847749048940336,0.31462738270950186,-0.2600027617407825,0.528949950932287
-0.18639706592726446,0.3148438499991295,-0.2600027617407825,0.529931305201178
-0.18801715142771702,0.3150736850663516,-0.2600027617407825,0.530912659470069
-0.18963506192559754,0.3153167240675583,-0.2600027617407825,0.53189401373896
-0.19125070820365686,0.3155727689064991,-0.2600027617407825,0.532875368007851
-0.1928640125455614,0.3158415870501132,-0.2600027617407825,0.533856722276742
-0.1944749098949169,0.31612291165140793,-0.2600027617407825,0.534838076545633
-0.19608334889762025,0.3164164419886468,-0.2600027617407825,0.535819430814524
-0.19768929280172065,0.31672184422373517,-0.2600027617407825,0.536800785083415
-0.1992927201914394,0.31703875247608115,-0.2600027617407825,0.537782139352306
-0.2008936255353725,0.31736677020154813,-0.2600027617407825,0.538763493621197
-0.2024920195330956,0.31770547185971276,-0.26000276174078396,0.539744847890088
-0.20408792924920138,0.3180544048467102,-0.2600027617407825,0.540726202158979
-0.2056813980290979,0.3184130916657286,-0.2600027617407825,0.541707556427871
-0.20727248519639263,0.31878103230286525,-0.2600027617407825,0.542688910696762
-0.20886126553720408,0.31915770677275423,-0.2600027617407825,0.543670264965653
-0.21044782858202205,0.31954257779613915,-0.26000276174078396,0.544651619234544
-0.2120322777005802,0.319935093570471,-0.2600027617407825,0.545632973503435
-0.21361472902942014,0.3203346905946056,-0.2600027617407825,0.546614327772326
-0.21519531025529293,0.3207407965096658,-0.2600027617407825,0.547595682041217
-0.21677415928012644,0.32115283292003416,-0.2600027617407825,0.548577036310108
-0.21835142279498976,0.321570218161084,-0.2600027617407825,0.549558390578999
-0.21992725479124908,0.3219923699834837,-0.2600027617407825,0.55053974484789
-0.22150181585688367,0.32241870544303075,-0.26000276174078396,0.551521099116781
-0.22307527374434177,0.32284863662976204,-0.2600027617407825,0.552502453385672
-0.22464779819975955,0.32328158499889503,-0.2600027617407825,0.553483807654563
-0.22621955916963377,0.3237169843598817,-0.26000276174078396,0.554465161923454
-0.22779072636959852,0.32415427956718235,-0.2600027617407825,0.555446516192345
-0.2293614688928114,0.32459292526066275,-0.2600027617407825,0.556427870461237
-0.23093195485055762,0.32503238465354234,-0.2600027617407825,0.557409224730128
-0.23250235103837413,0.3254721283655455,-0.2600027617407825,0.558390578999019
-0.23407282262158824,0.32591163329887207,-0.26000276174078396,0.55937193326791
-0.235643532834642,0.32635038155465246,-0.26000276174078396,0.560353287536801
-0.23721464268900982,0.32678785938766475,-0.2600027617407825,0.561334641805692
-0.23878631068486722,0.32722355619723387,-0.26000276174078396,0.562315996074583
-0.24035869252197462,0.3276569635524398,-0.26000276174078396,0.563297350343474
-0.2419319408054924,0.3280875742499989,-0.2600027617407825,0.564278704612365
-0.24350620474264728,0.3285148814034551,-0.26000276174078396,0.565260058881256
-0.24508162982634185,0.32893837756262934,-0.2600027617407825,0.566241413150147
-0.24665835750193654,0.32935755386262433,-0.26000276174078396,0.567222767419038
-0.2482365248135464,0.3297718992020562,-0.2600027617407825,0.568204121687929
-0.2498162640262841,0.3301808994506046,-0.26000276174078396,0.56918547595682
-0.2513977022209605,0.3305840366864372,-0.26000276174078396,0.570166830225711
-0.25298096085783295,0.33098078846454193,-0.2600027617407825,0.571148184494603
-0.2545661553060591,0.3313706271175567,-0.2600027617407825,0.572129538763494
-0.2561533943356029,0.3317530190912663,-0.2600027617407825,0.573110893032385
-0.2577427795684418,0.33212742431756115,-0.2600027617407825,0.574092247301276
-0.25933440488605153,0.33249329562834595,-0.2600027617407825,0.575073601570167
-0.26092835579032303,0.33285007821460444,-0.2600027617407825,0.576054955839058
-0.26252470871528133,0.3331972091356261,-0.26000276174078396,0.577036310107949
-0.26412353028726776,0.33353411688421497,-0.2600027617407825,0.57801766437684
-0.2657248765316065,0.33386022101459134,-0.2600027617407825,0.578999018645731
-0.2673287920242523,0.33417493184060665,-0.26000276174078396,0.579980372914622
-0.26893530898747786,0.3344776502128479,-0.2600027617407825,0.580961727183513
-0.27054444632937136,0.33476776738417136,-0.2600027617407825,0.581943081452404
-0.27215620862777656,0.3350446649741696,-0.2600027617407825,0.582924435721295
-0.2737705850603207,0.33530771504403845,-0.2600027617407825,0.583905789990187
-0.27538754828340306,0.33555628029420004,-0.2600027617407825,0.584887144259078
-0.27700705326441466,0.3357897143978521,-0.2600027617407825,0.585868498527969
-0.2786290360731123,0.3360073624843156,-0.2600027617407825,0.58684985279686
-0.28025341263990666,0.33620856178655134,-0.2600027617407825,0.587831207065751
-0.2818800774909286,0.336392642467515,-0.26000276174078396,0.588812561334642
-0.2835089024720392,0.3365589286399675,-0.2600027617407825,0.589793915603533
-0.2851397354764572,0.33670673959399977,-0.26000276174078396,0.590775269872424
-0.2867723991933776,0.3368353912456479,-0.2600027617407825,0.591756624141315
-0.2884066884023947,0.33694421772964134,-0.26000276174078396,0.592737978410206
-0.2900423475536891,0.33703294028153863,-0.2600027617407825,0.593719332679097
-0.29167909448493734,0.33710161201825084,-0.2600027617407825,0.594700686947988
-0.29331665060219014,0.33715026203122145,-0.2600027617407825,0.595682041216879
-0.29495473968153463,0.33717888117704775,-0.26000276174078396,0.59666339548577
-0.2965930856218987,0.33718742101957,-0.26000276174078396,0.597644749754661
-0.2982314101184339,0.3371757924708916,-0.26000276174078396,0.598626104023553
-0.2998694302132733,0.3371438640997262,-0.2600027617407825,0.599607458292444
-0.30150685567483004,0.3370914600693975,-0.26000276174078396,0.600588812561335
-0.3031433861493553,0.3370183576605552,-0.26000276174078396,0.601570166830226
-0.30477870801875306,0.33692428432496135,-0.2600027617407825,0.602551521099117
-0.3064124908860836,0.33680891420632086,-0.2600027617407825,0.603532875368008
-0.30804438359399844,0.3366718640516302,-0.2600027617407825,0.604514229636899
-0.30967400966046743,0.336512688421575,-0.2600027617407825,0.60549558390579
-0.31130096198924406,0.3363308740905482,-0.2600027617407825,0.606476938174681
-0.3129247966776344,0.3361258335052879,-0.26000276174078396,0.607458292443572
-0.31454502569883147,0.33589689714531423,-0.2600027617407825,0.608439646712463
-0.3161611081768656,0.3356433045974576,-0.2600027617407825,0.609421000981354
-0.3177724398944676,0.3353641941201164,-0.2600027617407825,0.610402355250245
-0.319378340571407,0.3350585904297849,-0.2600027617407825,0.611383709519136
-0.3209780383143336,0.33472539039257043,-0.2600027617407825,0.612365063788027
-0.3225706504566085,0.334363346247458,-0.26000276174078396,0.613346418056919
-0.32415515976115195,0.3339710459282248,-0.2600027617407825,0.61432777232581
-0.32573038462763315,0.33354688999278714,-0.2600027617407825,0.615309126594701
-0.32729494149516036,0.3330890646242308,-0.2600027617407825,0.616290480863592
-0.3288471970193718,0.3325955101602731,-0.26000276174078396,0.617271835132483
-0.3303852067702965,0.3320638846817845,-0.2600027617407825,0.618253189401374
-0.3319066360709225,0.3314915224286725,-0.2600027617407825,0.619234543670265
-0.33340865709100653,0.3308753873630095,-0.2600027617407825,0.620215897939156
-0.3348878143497853,0.3302120233350252,-0.26000276174078396,0.621197252208047
-0.33633984835538866,0.3294975045060813,-0.2600027617407825,0.622178606476938
-0.33775946442357807,0.32872739377252125,-0.2600027617407825,0.623159960745829
-0.3391400315413797,0.3278967242945985,-0.2600027617407825,0.62414131501472
-0.3404731965545267,0.32700003199859506,-0.2600027617407825,0.625122669283611
-0.3417484068594281,0.32603148789720704,-0.2600027617407825,0.626104023552503
-0.34295236117074235,0.32498521121217294,-0.26000276174078396,0.627085377821394
-0.3440693756732147,0.3238566763436026,-0.2600027617407825,0.628066732090285
-0.34508342337602915,0.3226450123262159,-0.26000276174078396,0.629048086359176
-0.3459768101846664,0.32135188584723884,-0.2600027617407825,0.630029440628067
-0.34673021888368527,0.3199820158051325,-0.2600027617407825,0.631010794896958
-0.34732375671806137,0.31854415086478305,-0.2600027617407825,0.631992149165849
-0.3477387500951308,0.31705180436664504,-0.2600027617407825,0.63297350343474
-0.3479601898465968,0.315523305368409,-0.2600027617407825,0.633954857703631
-0.3479793083793631,0.3139807559971739,-0.26000276174078396,0.634936211972522
-0.3477954059980881,0.31244785066244174,-0.2600027617407825,0.635917566241413
-0.3474161243742615,0.31094710232542533,-0.2600027617407825,0.636898920510304
-0.34685601082442175,0.3094973983281053,-0.2600027617407825,0.637880274779195
-0.3461339946484103,0.3081126212906067,-0.2600027617407825,0.638861629048086
-0.34527072186506125,0.3068014860209305,-0.26000276174078396,0.639842983316977
-0.34428645267622116,0.305568243669611,-0.26000276174078396,0.640824337585869
-0.3431997636117571,0.3044137572655359,-0.2600027617407825,0.64180569185476
-0.3420269555434665,0.30333657335738584,-0.2600027617407825,0.642787046123651
-0.3407819411398748,0.3023338041835302,-0.2600027617407825,0.643768400392542
-0.33947639865182666,0.30140177567619086,-0.2600027617407825,0.644749754661433
-0.33812004212656555,0.3005364675647195,-0.2600027617407825,0.645731108930324
-0.33672091977585705,0.2997337942234479,-0.2600027617407825,0.646712463199215
-0.335285695917809,0.29898977338397414,-0.26000276174078396,0.647693817468106
-0.3338198981571634,0.29830062010441494,-0.26000276174078396,0.648675171736997
-0.332328125444435,0.2976627929032336,-0.2600027617407825,0.649656526005888
-0.33081421923500187,0.2970730103535191,-0.2600027617407825,0.650637880274779
-0.3292814025213412,0.2965282501327713,-0.2600027617407825,0.65161923454367
-0.3277323929036877,0.2960257358677765,-0.2600027617407825,0.652600588812561
-0.32616966211495724,0.2955624141902131,-0.26000276174078396,0.653581943081452
-0.3245956015077134,0.2951344434674519,-0.2600027617407825,0.654563297350343
-0.32301216295990165,0.29473832874415673,-0.2600027617407825,0.655544651619235
-0.3214209103260218,0.29437102305296037,-0.2600027617407825,0.656526005888126
-0.3198231067324302,0.2940298606098659,-0.2600027617407825,0.657507360157017
-0.31821978026266073,0.29371249999978755,-0.2600027617407825,0.658488714425908
-0.31661177375966754,0.293416876292935,-0.2600027617407825,0.659470068694799
-0.31499978289007924,0.29314116085924247,-0.2600027617407825,0.66045142296369
-0.3133843854750906,0.2928837276855465,-0.2600027617407825,0.661432777232581
-0.3117660642750175,0.29264312512463797,-0.2600027617407825,0.662414131501472
-0.31014522482865625,0.29241805215525574,-0.26000276174078396,0.663395485770363
-0.3085222095275789,0.2922073383789876,-0.2600027617407825,0.664376840039254
-0.30689730880151067,0.292009927111901,-0.2600027617407825,0.665358194308145
-0.3052707700701315,0.291824861041996,-0.2600027617407825,0.666339548577036
-0.303642804955207,0.29165127001835156,-0.2600027617407825,0.667320902845927
-0.3020135951280627,0.2914883606161023,-0.2600027617407825,0.668302257114819
-0.3003832970792327,0.29133540718536644,-0.2600027617407825,0.66928361138371
-0.29875204603124084,0.2911917441444005,-0.2600027617407825,0.670264965652601
-0.29711995916590384,0.29105675931964137,-0.2600027617407825,0.671246319921492
-0.29548713829996665,0.29092988816974685,-0.2600027617407825,0.672227674190383
-0.2938536721142384,0.2908106087587772,-0.26000276174078396,0.673209028459274
-0.2922196380193687,0.2906984373665029,-0.2600027617407825,0.674190382728165
-0.2905851037243895,0.2905929246424821,-0.2600027617407825,0.675171736997056
-0.28895012856091573,0.2904936522258401,-0.2600027617407825,0.676153091265947
-0.28731476460552985,0.2904002297652386,-0.2600027617407825,0.677134445534838
-0.28567905763473134,0.29031229228386746,-0.2600027617407825,0.678115799803729
-0.2840430479403776,0.2902294978428488,-0.2600027617407825,0.67909715407262
-0.28240677102840395,0.29015152546354583,-0.2600027617407825,0.680078508341511
-0.28077025821951673,0.2900780732751653,-0.2600027617407825,0.681059862610402
-0.2791335371672454,0.2900088568589798,-0.2600027617407825,0.682041216879293
-0.277496632306078,0.28994360776462935,-0.2600027617407825,0.683022571148185
-0.27585956524024713,0.2898820721774269,-0.2600027617407825,0.684003925417076
-0.27422235508197157,0.28982400971852673,-0.2600027617407825,0.684985279685967
-0.2725850187465182,0.2897691923622854,-0.2600027617407825,0.685966633954858
-0.27094757121027047,0.2897174034572463,-0.26000276174078396,0.686947988223749
-0.2693100257370077,0.2896684368389666,-0.26000276174078396,0.68792934249264
-0.2676723940768013,0.2896220960244238,-0.26000276174078396,0.688910696761531
-0.26603468664125784,0.2895781934790569,-0.2600027617407825,0.689892051030422
-0.26439691265828447,0.2895365499485971,-0.2600027617407825,0.690873405299313
-0.2627590803090797,0.2894969938488203,-0.2600027617407825,0.691854759568204
-0.26112119684966995,0.2894593607071789,-0.2600027617407825,0.692836113837095
-0.25948326871897187,0.2894234926509889,-0.2600027617407825,0.693817468105986
-0.25784530163509367,0.28938923793746674,-0.26000276174078396,0.694798822374877
-0.2562073006813429,0.2893564505214572,-0.2600027617407825,0.695780176643768
-0.254569270383215,0.2893249896571608,-0.2600027617407825,0.696761530912659
-0.2529312147774663,0.2892947195305786,-0.2600027617407825,0.697742885181551
-0.251293137474228,0.289265508919756,-0.26000276174078396,0.698724239450442
-0.24965504171299324,0.28923723088021647,-0.2600027617407825,0.699705593719333
-0.24801693041320805,0.2892097624532619,-0.2600027617407825,0.700686947988224
-0.24637880622010078,0.28918298439504464,-0.2600027617407825,0.701668302257115
-0.24474067154630375,0.28915678092454833,-0.2600027617407825,0.702649656526006
-0.24310252860976567,0.28913103948879293,-0.26000276174078396,0.703631010794897
-0.24146437946837696,0.2891056505437486,-0.2600027617407825,0.704612365063788
-0.2398262260516938,0.289080507349597,-0.2600027617407825,0.705593719332679
-0.2381880701900958,0.28905550577910244,-0.26000276174078396,0.70657507360157
-0.23654991364167488,0.2890305441379848,-0.2600027617407825,0.707556427870461
-0.23491175811712117,0.28900552299627535,-0.2600027617407825,0.708537782139352
-0.23327360530284214,0.28898034502974324,-0.2600027617407825,0.709519136408243
-0.23163545688252285,0.2889549148705628,-0.2600027617407825,0.710500490677135
-0.2299973145573203,0.288929138966451,-0.2600027617407825,0.711481844946026
-0.22835918006485534,0.2889029254475939,-0.2600027617407825,0.712463199214917
-0.22672105519716068,0.2888761840007297,-0.2600027617407825,0.713444553483808
-0.2250829418177145,0.2888488257498023,-0.2600027617407825,0.714425907752699
-0.22344484168934975,0.28882077289140917,-0.2600027617407825,0.71540726202159
-0.2218067546728657,0.28879204925647284,-0.2600027617407825,0.716388616290481
-0.22016867941154528,0.288762737303109,-0.2600027617407825,0.717369970559372
-0.21853061446343314,0.288732918758712,-0.2600027617407825,0.718351324828263
-0.21689255833006182,0.2887026739561309,-0.2600027617407825,0.719332679097154
-0.2152545094692141,0.2886720819459343,-0.2600027617407825,0.720314033366045
-0.21361646630692144,0.28864122060368125,-0.2600027617407825,0.721295387634936
-0.21197842724880034,0.2886101667326444,-0.2600027617407825,0.722276741903827
-0.21034039069080723,0.2885789961623946,-0.26000276174078396,0.723258096172718
-0.20870235502949974,0.288547783843629,-0.2600027617407825,0.724239450441609
-0.20706431867187614,0.288516603939593,-0.2600027617407825,0.725220804710501
-0.2054262800448603,0.2884855299144353,-0.2600027617407825,0.726202158979392
-0.20378823760450404,0.28845463461879817,-0.26000276174078396,0.727183513248283
-0.2021501898449578,0.2884239903729431,-0.2600027617407825,0.728164867517174
-0.20051213530727674,0.28839366904768315,-0.2600027617407825,0.729146221786065
-0.19887407258811185,0.2883637421433871,-0.2600027617407825,0.730127576054956
-0.19723600034833755,0.28833428086729995,-0.2600027617407825,0.731108930323847
-0.19559791732166965,0.28830535620942377,-0.2600027617407825,0.732090284592738
-0.19395982232332143,0.2882770390171767,-0.2600027617407825,0.733071638861629
-0.19232171425874467,0.2882494000690632,-0.2600027617407825,0.73405299313052
-0.19068359213250885,0.2882225101475526,-0.2600027617407825,0.735034347399411
-0.18904545505735626,0.28819644011138457,-0.2600027617407825,0.736015701668302
-0.18740730226348867,0.28817126096749646,-0.2600027617407825,0.736997055937193
-0.18576913310813326,0.28814704394277135,-0.2600027617407825,0.737978410206084
-0.18413094708543132,0.28812386055580474,-0.2600027617407825,0.738959764474975
-0.1824927438367101,0.2881017826888794,-0.2600027617407825,0.739941118743867
-0.1808545231611749,0.28808088266034404,-0.2600027617407825,0.740922473012758
-0.17921628502709086,0.28806123329759004,-0.2600027617407825,0.741903827281649
-0.1775780295835041,0.2880429080108169,-0.26000276174078396,0.74288518155054
-0.17593975717255772,0.28802598086778786,-0.2600027617407825,0.743866535819431
-0.17430146834247462,0.28801052666977656,-0.2600027617407825,0.744847890088322
-0.172663163861265,0.28799662102890067,-0.26000276174078396,0.745829244357213
-0.17102484473123425,0.2879843404470661,-0.2600027617407825,0.746810598626104
-0.16938651220436363,0.28797376239672734,-0.2600027617407825,0.747791952894995
-0.16774816779864854,0.2879649654036949,-0.2600027617407825,0.748773307163886
-0.16610981331547714,0.2879580291322137,-0.2600027617407825,0.749754661432777
-0.16447145085814308,0.2879530344725685,-0.2600027617407825,0.750736015701668
-0.16283308285159936,0.28795006363145714,-0.2600027617407825,0.751717369970559
-0.1611947120635513,0.28794920022540205,-0.2600027617407825,0.75269872423945
-0.1595563416270196,0.28795052937748555,-0.2600027617407825,0.753680078508342
-0.15791797506449223,0.2879541378176962,-0.26000276174078396,0.754661432777233
-0.15627961631381115,0.2879601139872041,-0.2600027617407825,0.755642787046124
-0.15464126975594272,0.2879685481468941,-0.2600027617407825,0.756624141315015
-0.15300294024480043,0.28797953249051456,-0.2600027617407825,0.757605495583906
-0.15136463313930104,0.28799316126280794,-0.2600027617407825,0.758586849852797
-0.14972635433785364,0.2880095308830364,-0.2600027617407825,0.759568204121688
-0.14808811031549618,0.28802874007431845,-0.26000276174078396,0.760549558390579
-0.14644990816392756,0.2880508899992458,-0.26000276174078396,0.76153091265947
-0.14481175563468718,0.2880760844022674,-0.2600027617407825,0.762512266928361
-0.1431736611857808,0.2881044297593722,-0.2600027617407825,0.763493621197252
-0.14153563403206304,0.2881360354356366,-0.2600027617407825,0.764474975466143
-0.13989768419973614,0.2881710138512563,-0.2600027617407825,0.765456329735034
-0.13825982258534675,0.2882094806567177,-0.2600027617407825,0.766437684003925
-0.13662206101971008,0.28825155491782706,-0.26000276174078396,0.767419038272816
-0.13498441233724146,0.2882973593113707,-0.26000276174078396,0.768400392541708
-0.1333468904512105,0.2883470203322416,-0.26000276174078396,0.769381746810599
-0.13170951043551427,0.288400668512937,-0.2600027617407825,0.77036310107949
-0.13007228861360653,0.2884584386564193,-0.2600027617407825,0.771344455348381
-0.12843524265530915,0.2885204700833981,-0.2600027617407825,0.772325809617272
-0.12679839168230622,0.2885869068952005,-0.2600027617407825,0.773307163886163
-0.12516175638321647,0.2886578982534962,-0.2600027617407825,0.774288518155054
-0.12352535913924423,0.2887335986782438,-0.2600027617407825,0.775269872423945
-0.1218892241615237,0.2888141683653733,-0.2600027617407825,0.776251226692836
-0.12025337764140454,0.28889977352582297,-0.2600027617407825,0.777232580961727
-0.11861784791509089,0.28899058674773626,-0.2600027617407825,0.778213935230618
-0.11698266564419157,0.2890867873837557,-0.2600027617407825,0.779195289499509
-0.11534786401396668,0.28918856196555565,-0.2600027617407825,0.7801766437684
-0.11371347895124984,0.2892961046479472,-0.2600027617407825,0.781157998037291
-0.1120795493642982,0.28940961768511375,-0.2600027617407825,0.782139352306182
-0.11044611740710186,0.2895293119417728,-0.26000276174078396,0.783120706575074
-0.10881322877102495,0.2896554074423372,-0.2600027617407825,0.784102060843965
-0.10718093300701625,0.289788133961439,-0.2600027617407825,0.785083415112856
-0.10554928388208551,0.2899277316595035,-0.2600027617407825,0.786064769381747
-0.10391833977421638,0.2900744517674245,-0.2600027617407825,0.787046123650638
-0.10228816411048958,0.2902285573247756,-0.26000276174078396,0.788027477919529
-0.1006588258538369,0.2903903239764296,-0.2600027617407825,0.78900883218842
-0.09903040004462138,0.2905600408329221,-0.2600027617407825,0.789990186457311
-0.09740296840413265,0.29073801140041167,-0.2600027617407825,0.790971540726202
-0.09577662000810805,0.2909245545866399,-0.2600027617407825,0.791952894995093
-0.09415145060505692,0.29111999521458976,-0.2600027617407825,0.792934249263984
-0.0925275375514305,0.2913244848239944,-0.26000276174078396,0.793915603532875
-0.09090493758235008,0.2915380156135825,-0.2600027617407825,0.794896957801766
-0.08928370605904234,0.2917605709696618,-0.26000276174078396,0.795878312070658
-0.08766389755353887,0.29199213045647787,-0.2600027617407825,0.796859666339549
-0.08604556572967881,0.2922326696573816,-0.2600027617407825,0.79784102060844
-0.08442876321752557,0.29248216000800675,-0.2600027617407825,0.798822374877331
-0.08281354148082787,0.29274056862067166,-0.26000276174078396,0.799803729146222
-0.08119995067711105,0.2930078580991251,-0.2600027617407825,0.800785083415113
-0.07958803950993798,0.2932839863426291,-0.2600027617407825,0.801766437684004
-0.07797785507285115,0.29356890633826205,-0.2600027617407825,0.802747791952895
-0.07636944268442614,0.2938625659401728,-0.2600027617407825,0.803729146221786
-0.0747628457138424,0.29416490763435266,-0.2600027617407825,0.804710500490677
-0.07315810539627787,0.2944758682873201,-0.2600027617407825,0.805691854759568
-0.07155526063738482,0.2947953788768818,-0.2600027617407825,0.806673209028459
-0.06995434780600363,0.29512336420291785,-0.2600027617407825,0.80765456329735
-0.0683554005141821,0.2954597425758456,-0.2600027617407825,0.808635917566241
-0.06675844938346565,0.2958044254801182,-0.2600027617407825,0.809617271835132
-0.0651635217962937,0.2961573172097449,-0.2600027617407825,0.810598626104024
-0.06357064163120307,0.29651831447241217,-0.2600027617407825,0.811579980372915
-0.061979828980400775,0.29688730595830704,-0.2600027617407825,0.812561334641806
-0.060391099848067786,0.2972641718691973,-0.2600027617407825,0.813542688910697
-0.058804465827588914,0.2976487834026764,-0.26000276174078396,0.814524043179588
-0.0572199337556657,0.2980410021857609,-0.2600027617407825,0.815505397448479
-0.05563750534102718,0.2984406796511354,-0.2600027617407825,0.81648675171737
-0.05405717676517685,0.29884765634837174,-0.2600027617407825,0.817468105986261
-0.05247893825229588,0.29926176118123093,-0.2600027617407825,0.818449460255152
-0.05090277360507234,0.2996828105608016,-0.2600027617407825,0.819430814524043
-0.049328659702823185,0.30011060746257434,-0.2600027617407825,0.820412168792934
-0.047756565957844166,0.30054494037362556,-0.2600027617407825,0.821393523061825
-0.04618645372540031,0.3009855821137952,-0.2600027617407825,0.822374877330716
-0.04461827566225862,0.3014322885119942,-0.2600027617407825,0.823356231599607
-0.04305197502796754,0.3018847969155345,-0.26000276174078396,0.824337585868498
-0.04148748492254839,0.3023428245064308,-0.2600027617407825,0.82531894013739
-0.03992472745334941,0.3028060663939278,-0.2600027617407825,0.826300294406281
-0.03836361282319356,0.303274193446778,-0.26000276174078396,0.827281648675172
-0.03680403833095236,0.3037468498218918,-0.26000276174078396,0.828263002944063
-0.035245887274984455,0.30422365013751507,-0.2600027617407825,0.829244357212954
-0.033689027748870615,0.30470417622876766,-0.2600027617407825,0.830225711481845
-0.03213331131823882,0.30518797341066173,-0.2600027617407825,0.831207065750736
-0.030578571566841184,0.30567454615800993,-0.26000276174078396,0.832188420019627
-0.02902462249985671,0.30616335309216725,-0.26000276174078396,0.833169774288518
-0.02747125679268847,0.3066538011402602,-0.2600027617407825,0.834151128557409
-0.025918243874980762,0.30714523870215227,-0.26000276174078396,0.8351324828263
-0.024365327842321816,0.3076369476221501,-0.2600027617407825,0.836113837095191
-0.0228122251935321,0.3081281337141144,-0.2600027617407825,0.837095191364082
-0.02125862240047538,0.3086179155272857,-0.2600027617407825,0.838076545632974
-0.019704173332135255,0.3091053109619606,-0.2600027617407825,0.839057899901865
-0.018148496578636264,0.30958922124417665,-0.2600027617407825,0.840039254170756
-0.016591172758218753,0.31006841164032073,-0.26000276174078396,0.841020608439647
-0.01503174194889989,0.31054148812787563,-0.2600027617407825,0.842001962708538
-0.013469701477406337,0.31100686902691477,-0.2600027617407825,0.842983316977429
-0.011904504439384955,0.3114627503258709,-0.26000276174078396,0.84396467124632
-0.010335593696944811,0.3119071699969356,-0.2600027617407825,0.844946025515211
-0.008762705622160416,0.31233894573928955,-0.2600027617407825,0.845927379784102
-0.007185762994498357,0.31275740454936596,-0.2600027617407825,0.846908734052993
-0.005604712121092925,0.3131618864268271,-0.2600027617407825,0.847890088321884
-0.004019525480675301,0.31355175322624773,-0.2600027617407825,0.848871442590775
-0.0024302061728243007,0.3139264064785705,-0.2600027617407825,0.849852796859666
-0.000836792022166355,0.3142853083916417,-0.2600027617407825,0.850834151128557
0.0007606410443348199,0.31462800569454963,-0.26000276174078396,0.851815505397448
0.002361976776992014,0.314954155584509,-0.2600027617407825,0.85279685966634
0.003967057970610588,0.3152635525570049,-0.2600027617407825,0.853778213935231
0.005575687782495287,0.31555615440513307,-0.2600027617407825,0.854759568204122
0.007187633215584466,0.3158321052503137,-0.2600027617407825,0.855740922473013
0.008802630754865648,0.3160917532249583,-0.2600027617407825,0.856722276741904
0.010420393868854516,0.3163356604794936,-0.2600027617407825,0.857703631010795
0.012040621811326702,0.31656460360775207,-0.2600027617407825,0.858684985279686
0.013663008945510757,0.31677956338115676,-0.2600027617407825,0.859666339548577
0.015287253721187888,0.31698170376446066,-0.2600027617407825,0.860647693817468
0.016913066495819917,0.3171723413779224,-0.2600027617407825,0.861629048086359
0.01854017559417631,0.31735290764925805,-0.2600027617407825,0.86261040235525
0.02016833129723672,0.31752490665505295,-0.26000276174078396,0.863591756624141
0.02179730776769606,0.3176898719526968,-0.2600027617407825,0.864573110893032
0.02342690318505869,0.3178493255277539,-0.2600027617407825,0.865554465161923
0.025056938531250905,0.31800474141206325,-0.2600027617407825,0.866535819430814
0.026687255524284748,0.3181575157187817,-0.2600027617407825,0.867517173699706
0.02831771415984985,0.31830894396527754,-0.2600027617407825,0.868498527968597
0.029948190222754523,0.3184602057602113,-0.2600027617407825,0.869479882237488
0.03157857300930278,0.3186123563122276,-0.2600027617407825,0.870461236506379
0.033208763387170936,0.318766323811976,-0.26000276174078396,0.87144259077527
0.03483867222897774,0.3189229115378256,-0.2600027617407825,0.872423945044161
0.03646821919527832,0.31908280350077556,-0.2600027617407825,0.873405299313052
0.03809733223926015,0.31924656874040114,-0.26000276174078396,0.874386653581943
0.039726117022607754,0.3194132036293198,-0.2600027617407825,0.875368007850834
0.04135508101482688,0.3195782781320584,-0.2600027617407825,0.876349362119725
0.04298468339222894,0.31973766863218755,-0.26000276174078396,0.877330716388616
0.0446152299122089,0.3198882555855822,-0.2600027617407825,0.878312070657507
0.04624687820990281,0.3200278618555783,-0.2600027617407825,0.879293424926398
0.047879665895497414,0.3201551110285723,-0.26000276174078396,0.88027477919529
0.04951354556175347,0.3202692593393175,-0.2600027617407825,0.881256133464181
0.051148416986165346,0.320370035063821,-0.2600027617407825,0.882237487733072
0.052784152431853526,0.32045750170418597,-0.2600027617407825,0.883218842001963
0.05442061449119384,0.3205319495713237,-0.26000276174078396,0.884200196270854
0.056057667574925585,0.3205938140589357,-0.2600027617407825,0.885181550539745
0.057695184623566265,0.32064361629376337,-0.2600027617407825,0.886162904808636
0.05933305051436988,0.3206819213290495,-0.26000276174078396,0.887144259077527
0.06097116332973229,0.32070930950772647,-0.2600027617407825,0.888125613346418
0.06260943432820087,0.3207263574184398,-0.2600027617407825,0.889106967615309
0.06424778718804203,0.3207336256839326,-0.2600027617407825,0.8900883218842
0.06588615689114707,0.3207316515279379,-0.2600027617407825,0.891069676153091
0.0675244884739421,0.32072094462943856,-0.2600027617407825,0.892051030421982
0.06916273577809173,0.32070198520022797,-0.2600027617407825,0.893032384690873
0.0708008602733885,0.3206752235362369,-0.2600027617407825,0.894013738959764
0.07243882998775852,0.32064108052022533,-0.26000276174078396,0.894995093228656
0.07407661855683667,0.32059994871522823,-0.2600027617407825,0.895976447497547
0.0757142043926593,0.3205521938023572,-0.2600027617407825,0.896957801766438
0.07735156996420445,0.3204981561965452,-0.26000276174078396,0.897939156035329
0.07898870117919388,0.3204381527295572,-0.2600027617407825,0.89892051030422
0.08062558685559784,0.3203724783281894,-0.2600027617407825,0.899901864573111
0.08226221827131486,0.3203014076421551,-0.2600027617407825,0.900883218842002
0.08389858878134171,0.3202251965943266,-0.2600027617407825,0.901864573110893
0.0855346934927228,0.3201440838383274,-0.2600027617407825,0.902845927379784
0.08717052898881228,0.3200582921166879,-0.2600027617407825,0.903827281648675
0.08880609309540266,0.3199680295182161,-0.2600027617407825,0.904808635917566
0.09044138468239571,0.3198734906366807,-0.2600027617407825,0.905789990186457
0.09207640349552193,0.3197748576350474,-0.26000276174078396,0.906771344455348
0.09371115001357921,0.31967230122072965,-0.2600027617407825,0.907752698724239
0.09534562532719515,0.31956598153790794,-0.2600027617407825,0.90873405299313
0.09697983103585917,0.31945604898319435,-0.2600027617407825,0.909715407262022
0.09861376916040632,0.3193426449508312,-0.2600027617407825,0.910696761530913
0.10024744206864056,0.3192259025134023,-0.2600027617407825,0.911678115799804
0.10188085241204892,0.31910594704370276,-0.2600027617407825,0.912659470068695
0.10351400307198877,0.3189828967830295,-0.2600027617407825,0.913640824337586
0.1051468971138978,0.31885686336076935,-0.26000276174078396,0.914622178606477
0.10677953774833826,0.31872795226975037,-0.2600027617407825,0.915603532875368
0.10841192829787394,0.3185962633014383,-0.2600027617407825,0.916584887144259
0.11004407216892087,0.3184618909446928,-0.26000276174078396,0.91756624141315
0.11167597282782293,0.31832492475145147,-0.2600027617407825,0.918547595682041
0.11330763378055697,0.3181854496723959,-0.2600027617407825,0.919528949950932
0.11493905855556097,0.3180435463653537,-0.2600027617407825,0.920510304219823
0.11657025068917437,0.31789929147892937,-0.26000276174078396,0.921491658488714
0.11820121371338366,0.31775275791361746,-0.2600027617407825,0.922473012757606
0.11983195114551948,0.3176040150624242,-0.26000276174078396,0.923454367026497
0.12146246647958492,0.31745312903282774,-0.2600027617407825,0.924435721295388
0.12309276317908013,0.31730016285174356,-0.2600027617407825,0.925417075564279
0.1247228446709987,0.317145176654974,-0.2600027617407825,0.92639842983317
0.12635271434090378,0.3169882278625007,-0.2600027617407825,0.927379784102061
0.12798237552893843,0.31682937134083944,-0.2600027617407825,0.928361138370952
0.12961183152655797,0.3166686595535577,-0.26000276174078396,0.929342492639843
0.13124108557398495,0.3165061427009601,-0.2600027617407825,0.930323846908734
0.13287014085819493,0.3163418688498376,-0.2600027617407825,0.931305201177625
0.13449900051141928,0.31617588405411046,-0.26000276174078396,0.932286555446516
0.1361276676100538,0.3160082324671061,-0.2600027617407825,0.933267909715407
0.13775614517393708,0.3158389564461461,-0.2600027617407825,0.934249263984298
0.13938443616592533,0.31566809665005957,-0.2600027617407825,0.935230618253189
0.14101254349172265,0.315495692130183,-0.2600027617407825,0.93621197252208
0.14264046999995772,0.3153217804153543,-0.2600027617407825,0.937193326790972
0.14426821848241822,0.31514639759136576,-0.2600027617407825,0.938174681059863
0.14589579167444988,0.31496957837530193,-0.2600027617407825,0.939156035328754
0.14752319225551025,0.31479135618514653,-0.26000276174078396,0.940137389597645
0.14915042284979485,0.3146117632050127,-0.2600027617407825,0.941118743866536
0.15077748371021493,0.3144308119765362,-0.2600027617407825,0.942100098135427
0.15240424304380928,0.3142474730203457,-0.2600027617407825,0.943081452404318
0.15403036936231929,0.3140592212454185,-0.2600027617407825,0.944062806673209
0.1556555099512824,0.3138635683117137,-0.2600027617407825,0.9450441609421
0.15727929737019708,0.3136581961083911,-0.26000276174078396,0.946025515210991
0.15890134139241452,0.3134409528436346,-0.2600027617407825,0.947006869479882
0.1605212234018123,0.3132098496691209,-0.2600027617407825,0.947988223748773
0.16213849299604188,0.31296305784686185,-0.26000276174078396,0.948969578017664
0.16375266656688425,0.31269890638053033,-0.2600027617407825,0.949950932286555
0.1653632276418413,0.3124158799742429,-0.2600027617407825,0.950932286555446
0.16696962877791832,0.31211261714495975,-0.2600027617407825,0.951913640824338
0.16857129479906408,0.3117879082969839,-0.26000276174078396,0.952894995093229
0.1701676271649426,0.311440693565767,-0.2600027617407825,0.95387634936212
0.1717580092531219,0.31107006025104234,-0.2600027617407825,0.954857703631011
0.17334181233122625,0.3106752396837469,-0.26000276174078396,0.955839057899902
0.1749184019930241,0.31025560340473857,-0.2600027617407825,0.956820412168793
0.17648714483415429,0.3098106585731759,-0.2600027617407825,0.957801766437684
0.17804741515101252,0.3093400425656785,-0.2600027617407825,0.958783120706575
0.1795986014603077,0.30884351677109767,-0.2600027617407825,0.959764474975466
0.18114011265744123,0.3083209596270575,-0.26000276174078396,0.960745829244357
0.1826713836579692,0.30777235898098976,-0.2600027617407825,0.961727183513248
0.1841918803968634,0.3071978038881962,-0.2600027617407825,0.962708537782139
0.1857011040932759,0.306597475981339,-0.26000276174078396,0.96368989205103
0.18719859472256672,0.3059716405589965,-0.26000276174078396,0.964671246319922
0.18868393366996328,0.30532063754574823,-0.2600027617407825,0.965652600588813
0.19015674557062834,0.30464487247325445,-0.2600027617407825,0.966633954857704
0.1916166993671693,0.3039448076222031,-0.2600027617407825,0.967615309126595
0.19306350863725985,0.30322095345015154,-0.26000276174078396,0.968596663395486
0.19449693126047096,0.30247386041185953,-0.2600027617407825,0.969578017664377
0.19591676850464212,0.30170411125817354,-0.26000276174078396,0.970559371933268
0.1973228636184703,0.30091231387829587,-0.2600027617407825,0.971540726202159
0.1987151000188958,0.3000990947295814,-0.2600027617407825,0.97252208047105
0.2000933991601599,0.2992650928797329,-0.2600027617407825,0.973503434739941
0.20145771816679314,0.2984109546691156,-0.2600027617407825,0.974484789008832
0.2028080473060887,0.2975373289862342,-0.2600027617407825,0.975466143277723
0.20414440736740236,0.29664486313740346,-0.2600027617407825,0.976447497546614
0.20546684700686413,0.2957341992822935,-0.2600027617407825,0.977428851815505
0.20677544010694127,0.29480597140014897,-0.2600027617407825,0.978410206084396
0.20807028319143428,0.29386080274688897,-0.2600027617407825,0.979391560353288
0.20935149292818167,0.29289930376061735,-0.2600027617407825,0.980372914622179
0.21061920374403398,0.2919220703720675,-0.2600027617407825,0.98135426889107
0.21187356556993286,0.290929682676784,-0.2600027617407825,0.982335623159961
0.21311474172804967,0.28992270392715014,-0.2600027617407825,0.983316977428852
0.21434290696793723,0.2889016798044388,-0.26000276174078396,0.984298331697743
0.2155582456544738,0.28786713793362306,-0.2600027617407825,0.985279685966634
0.21676095010713636,0.2868195876065631,-0.26000276174078396,0.986261040235525
0.2179512190874222,0.28575951968226154,-0.26000276174078396,0.987242394504416
0.21912925642934167,0.28468740663592795,-0.26000276174078396,0.988223748773307
0.22029526980636382,0.2836037027316729,-0.2600027617407825,0.989205103042198
0.22144946962722667,0.28250884429649403,-0.2600027617407825,0.990186457311089
0.22259206805243825,0.2814032500760153,-0.2600027617407825,0.99116781157998
0.2237232781228915,0.28028732165490555,-0.26000276174078396,0.992149165848871
0.22484331299200977,0.2791614439272878,-0.2600027617407825,0.993130520117762
0.22595238525287908,0.27802598560448577,-0.2600027617407825,0.994111874386654
0.22705070635209124,0.27688129974936015,-0.26000276174078396,0.995093228655545
0.22813848608240606,0.2757277243281693,-0.2600027617407825,0.996074582924436
0.22921593214663494,0.27456558277232146,-0.2600027617407825,0.997055937193327
0.23028324978577008,0.2733951845437099,-0.26000276174078396,0.998037291462218
0.2313406414646979,0.27221682569842764,-0.2600027617407825,0.999018645731109
