0.17129754167428213,0.4393161091375415,-0.5857466785447467,0
0.1690674006434254,0.4376397186794545,-0.5932570904933943,0.00117233294255569
0.1668393652414062,0.4359649110163759,-0.600760411347909,0.00234466588511137
0.1646138596855402,0.4342920050312149,-0.6082552124781033,0.00351699882766706
0.1623913636852936,0.43262136132016704,-0.6157398783737225,0.00468933177022274
0.16017242004967303,0.4309533879111678,-0.6232125810251508,0.00586166471277843
0.1579576433615455,0.42928854678435124,-0.6306712507110366,0.00703399765533412
0.15574772984934437,0.4276273612925854,-0.6381135427534981,0.0082063305978898
0.1535434685898609,0.42597042458257395,-0.6455367997906578,0.00937866354044549
0.15134575417195095,0.424318409114131,-0.6529380091292648,0.0105509964830012
0.14915560093556324,0.42267207736361434,-0.6603137547921383,0.0117233294255569
0.14697415886739984,0.4210322937726487,-0.6676601639865929,0.0128956623681125
0.14480273117559217,0.41940003795895486,-0.6749728479184756,0.0140679953106682
0.14264279346948983,0.41777641913374475,-0.6822468372006758,0.0152403282532239
0.14049601432272563,0.41616269155891383,-0.6894765126032091,0.0164126611957796
0.13836427677983432,0.41456027071350365,-0.6966555326257062,0.0175849941383353
0.13624970005782866,0.41297074960671454,-0.7037767604133425,0.018757327080891
0.13415466027190726,0.4113959143573569,-0.7108321939591894,0.0199296600234467
0.13208180845944262,0.4098377577424326,-0.7178129054051064,0.0211019929660023
0.13003408347945533,0.40829848889362874,-0.7247089976003758,0.022274325908558
0.12801471653903063,0.4067805366998143,-0.7315095888581603,0.0234466588511137
0.12602722319593251,0.4052865437954274,-0.738202839888177,0.0246189917936694
0.12407537781929423,0.40381934736265257,-0.7447760398050386,0.0257913247362251
0.12216316484571799,0.40238194249077264,-0.7512157702823478,0.0269636576787808
0.12029470101427431,0.4009774237204462,-0.7575081674407017,0.0281359906213365
0.11847412342002261,0.39960890089387036,-0.7636392988481433,0.0293083235638921
0.11670543998298077,0.39827938675274255,-0.7695956670935318,0.0304806565064478
0.1149923419124983,0.39699165596828134,-0.7753648413474198,0.0316529894490035
0.11333798173850962,0.39574807828797276,-0.7809362048828097,0.0328253223915592
0.11174472477970565,0.39455043171492443,-0.7863017920520083,0.0339976553341149
0.11021388533244125,0.3933997042018438,-0.7914571767192187,0.0351699882766706
0.10874545993233786,0.39229589314456703,-0.7964023705513766,0.0363423212192263
0.1073378674688461,0.3912378100269418,-0.8011426982303728,0.0375146541617819
0.1059876990852251,0.39022289242137487,-0.8056896397110825,0.0386869871043376
0.10468946998936413,0.38924701742575807,-0.8100616660442737,0.0398593200468933
0.10343535175142682,0.3883043004323923,-0.8142851409137545,0.041031652989449
0.10221484926787339,0.3873868523027937,-0.8183954085197063,0.0422039859320047
0.10101437422514059,0.3864844587415954,-0.8224382300185468,0.0433763188745604
0.0998166629389885,0.38558414268809593,-0.8264717440564872,0.0445486518171161
0.098600482817506,0.3846699436653618,-0.8305674553095916,0.0457209847596717
0.0973472566866378,0.38372789726625767,-0.8347879258436972,0.0468933177022274
0.09604156347900394,0.38274641151975963,-0.8391850889523075,0.0480656506447831
0.09466754009263223,0.38171356217873975,-0.8438123665620845,0.0492379835873388
0.09321125760160354,0.38061887891052426,-0.8487166669044832,0.0504103165298945
0.09166439259353565,0.37945610503048943,-0.8539260206084847,0.0515826494724502
0.09002779145945228,0.37822587676828023,-0.8594375772959421,0.0527549824150059
0.08831256113049091,0.3769365431713878,-0.8652139323242004,0.0539273153575615
0.08653719713306618,0.3756020072726556,-0.8711927985909382,0.0550996483001172
0.08472224661511141,0.37423771430279307,-0.8773049797793251,0.0562719812426729
0.08288572695804186,0.37285720787445387,-0.8834897990286635,0.0574443141852286
0.08104107958556095,0.3714705918663286,-0.8897019898612776,0.0586166471277843
0.07919723491894315,0.37008457924984195,-0.895911477433593,0.05978898007034
0.07735960630387129,0.36870323922103165,-0.9021000313038889,0.0609613130128957
0.0755311859296739,0.3673288209998222,-0.9082575747217809,0.0621336459554514
0.07371341741521165,0.3659624097502676,-0.9143792460340425,0.063305978898007
0.0719068012666697,0.3646043817013964,-0.9204633596936247,0.0644783118405627
0.07011128666654876,0.3632546986538441,-0.9265100868378449,0.0656506447831184
0.06832651543641188,0.3619130913659314,-0.9325206336987637,0.0668229777256741
0.06655197039881244,0.36057917107689286,-0.9384967419669843,0.0679953106682298
0.06478706396342138,0.35925249609680465,-0.9444403904614991,0.0691676436107855
0.0630311899789675,0.35793261078353744,-0.9503536205087021,0.0703399765533411
0.061283753224577575,0.35661906771131124,-0.9562384366248535,0.0715123094958968
0.05954418538174,0.35531143967677026,-0.9620967527275412,0.0726846424384525
0.05781195289420227,0.3540093256072485,-0.96793036566602,0.0738569753810082
0.056086560017139186,0.3527123528528171,-0.973740944952582,0.0750293083235639
0.0543675490700104,0.3514201773763601,-0.979530031911003,0.0762016412661196
0.05265449912073428,0.3501324827644683,-0.9852990441078379,0.0773739742086753
0.05094702160228182,0.3488489769324483,-0.9910492901143453,0.078546307151231
0.049244659599104734,0.3475693164182252,-0.9967823086780518,0.0797186400937866
0.04754687630297427,0.34629309770463146,-1.002499907599845,0.0808909730363423
0.04585320326865672,0.3450199686627615,-1.0082036644555967,0.082063305978898
0.04416323699731284,0.3437496259837238,-1.0138949381021958,0.0832356389214537
0.04247662671217234,0.34248180598965194,-1.0195749098452227,0.0844079718640094
0.04079306491548662,0.34121627753539063,-1.0252446152401589,0.0855803048065651
0.0391122799922663,0.33995283644875207,-1.0309049690006609,0.0867526377491207
0.037434030344086544,0.3386913011209096,-1.0365567847540629,0.0879249706916764
0.035758099683065536,0.33743150896889884,-1.0422007908897652,0.0890973036342321
0.0340842932169898,0.33617331356798474,-1.0478376434065368,0.0902696365767878
0.0324124345270429,0.3349165823046616,-1.0534679364273347,0.0914419695193435
0.03074236298964994,0.3336611944386605,-1.059092210881724,0.0926143024618992
0.02907393163002059,0.3324070394894638,-1.0647109617344654,0.0937866354044549
0.02740700532128959,0.3311540158826036,-1.070324644050242,0.0949589683470106
0.02574145926263216,0.32990202980566674,-1.07593367811889,0.0961313012895662
0.024077177684282525,0.3286509942348612,-1.0815384538164832,0.0973036342321219
0.022414052738393364,0.32740082810127635,-1.0871393343405735,0.0984759671746776
0.02075198354306318,0.32615145557228353,-1.0927366594296026,0.0996483001172333
0.019090875353336978,0.3249028054283787,-1.0983307481547109,0.100820633059789
0.017430638838002332,0.323654810519552,-1.1039219013552597,0.101992966002345
0.015771189444949485,0.32240740728823103,-1.1095104037761017,0.1031652989449
0.014112446840947257,0.3211605353481619,-1.1150965259542334,0.104337631887456
0.012454334414179202,0.3199141371104677,-1.1206805258941008,0.105509964830012
0.01079677882982355,0.3186681574495782,-1.1262626505642659,0.106682297772567
0.009139709630559656,0.3174225434029323,-1.131843137242773,0.107854630715123
0.007483058875150217,0.31617724389930224,-1.1374222147342912,0.109026963657679
0.005826760809284792,0.3149322095113656,-1.1430001044786091,0.110199296600234
0.004170751563705499,0.3136873922287893,-1.1485770215672526,0.11137162954279
0.00251496887532765,0.3124427452485954,-1.154153175682663,0.112543962485346
0.0008593518276043266,0.31119822277999476,-1.1597287719725664,0.113716295427902
-0.0007961593931338218,0.3099537798612275,-1.1653040118705458,0.114888628370457
-0.0024516237283040976,0.3087093721862042,-1.1708790938727127,0.116060961313013
-0.004107099467275499,0.30746495593897705,-1.1764542142792869,0.117233294255569
-0.005762644459553101,0.3062204876342429,-1.1820295679091646,0.118405627198124
-0.007418316321165741,0.3049759239622023,-1.1876053487949678,0.11957796014068
-0.009074172637333011,0.3037312216362158,-1.1931817508655618,0.120750293083236
-0.010730271163412963,0.30248633724174945,-1.1987589686227866,0.121922626025791
-0.012386670026074631,0.3012412270851572,-1.2043371978189386,0.123094958968347
-0.014043427926614283,0.2999958470408477,-1.2099166361414782,0.124267291910903
-0.01570060434836884,0.29875015239537084,-1.2154974839115322,0.125439624853458
-0.017358259770215434,0.297504097686933,-1.221079944802893,0.126611957796014
-0.019016455888248407,0.2962576365387608,-1.2266642265885581,0.12778429073857
-0.020675255847842466,0.295010721484662,-1.2322505419222414,0.128956623681125
-0.02233472448846585,0.29376330378499893,-1.2378391091628327,0.130128956623681
-0.023994928603838006,0.29251533323112855,-1.2434301532505225,0.131301289566237
-0.02565593722024273,0.29126675793619694,-1.2490239066440743,0.132473622508792
-0.027317821896144512,0.2900175241099163,-1.2546206103298372,0.133645955451348
-0.028980657046577485,0.2887675758147239,-1.2602205149141885,0.134818288393904
-0.030644520296234434,0.28751685470036703,-1.2658238818126208,0.13599062133646
-0.03230949286562501,0.2862652997136266,-1.2714309845502079,0.137162954279015
-0.033975659995258756,0.28501284677946237,-1.2770421101901137,0.138335287221571
-0.03564311141342047,0.2837594284493865,-1.2826575609089148,0.139507620164127
-0.03731194185378672,0.2825049735123726,-1.2882776557397695,0.140679953106682
-0.038982251629892994,0.2812494065630311,-1.2939027325070414,0.141852286049238
-0.04065414727420236,0.27999264752122266,-1.299533149978482,0.143024618991794
-0.04232774225025138,0.2787346110967397,-1.305169290263515,0.144196951934349
-0.044003157746901,0.2774752061922727,-1.310811561488018,0.145369284876905
-0.0456805235639034,0.27621433523772865,-1.3164604007766392,0.146541617819461
-0.04735997909748646,0.2749518934493729,-1.3221162775719284,0.147713950762016
-0.049041674432787286,0.27368776800864913,-1.3277796973133142,0.148886283704572
-0.05072577154576463,0.27242183715870527,-1.3334512054847636,0.150058616647128
-0.0524124456088485,0.2711539692229401,-1.3391313920117986,0.151230949589683
-0.05410188637888358,0.2698840215616922,-1.3448208959356511,0.152403282532239
-0.055794299617435206,0.2686118395045969,-1.3505204101964086,0.153575615474795
-0.05748990844232449,0.2673372553346438,-1.3562306861845554,0.154747948417351
-0.059188954417298656,0.2660600874690746,-1.3619525374106396,0.155920281359906
-0.06089169802050154,0.2647801401072336,-1.3676868410829348,0.157092614302462
-0.06259841782754705,0.26349720384465103,-1.37343453535629,0.158264947245018
-0.06430940717479527,0.2622110581812469,-1.3791966080950917,0.159437280187573
-0.0660249659741925,0.2609214776740931,-1.3849740693082289,0.160609613130129
-0.06774527866588531,0.2596283236800734,-1.3907675401319717,0.161781946072685
-0.06947003688976494,0.25833182799257504,-1.3965759821066834,0.16295427901524
-0.07119864403968768,0.2570324390786827,-1.4023973860509489,0.164126611957796
-0.0729302353989818,0.255730806943377,-1.408228839871617,0.165298944900352
-0.07466356930726514,0.25442786493911806,-1.4140661620479493,0.166471277842907
-0.07639686805765333,0.2531249493629453,-1.4199033658235736,0.167643610785463
-0.0781275818791538,0.25182397687021996,-1.425731864373593,0.168815943728019
-0.07985203374478722,0.2505277114713147,-1.4315392746303095,0.169988276670574
-0.08156487791445155,0.2492401715433521,-1.4373075938262834,0.17116060961313
-0.08325826722184937,0.24796725577817402,-1.4430103951792126,0.172332942555686
-0.08492057247133145,0.24671770580796926,-1.4486085152242099,0.173505275498241
-0.08653444930232568,0.24550455933760107,-1.454043543622611,0.174677608440797
-0.08807408588295296,0.24434721904522783,-1.4592285542617256,0.175849941383353
-0.08950184826502106,0.24327397425909192,-1.4640368078679984,0.177022274325909
-0.09076582132228139,0.24232384942700635,-1.4682934706622661,0.178194607268464
-0.0918022377408434,0.24154477825139775,-1.4717837944337422,0.17936694021102
-0.09254794746241035,0.24098423044547812,-1.4742951096938932,0.180539273153576
-0.09296104424537877,0.24067370680789102,-1.4756862894317782,0.181711606096131
-0.09303484439077903,0.24061823145550587,-1.475934825056278,0.182883939038687
-0.09279329187403795,0.24079980577237148,-1.4751213523283844,0.184056271981243
-0.09227520951123092,0.24118924676175113,-1.4733766142538984,0.185228604923798
-0.09152108079226795,0.24175612310326833,-1.4708369464645732,0.186400937866354
-0.09056697354461829,0.24247332271702438,-1.4676238140330842,0.18757327080891
-0.08944347668144348,0.24331785200690192,-1.4638402307759242,0.188745603751465
-0.08817691789336124,0.24426992052524676,-1.4595748600553897,0.189917936694021
-0.08679188003856231,0.24531104940980986,-1.454910489188218,0.191090269636577
-0.08531004545120491,0.24642494011373306,-1.4499201374405835,0.192262602579132
-0.08374879333209184,0.24759852874285393,-1.4446623324820629,0.193434935521688
-0.0821218065135273,0.24882152995234574,-1.4391831537783977,0.194607268464244
-0.0804397905137959,0.25008589643557944,-1.433518654140298,0.1957796014068
-0.07871111179662127,0.2513853391463645,-1.4276970091800893,0.196951934349355
-0.07694231530841278,0.2527149382677225,-1.4217402602140092,0.198124267291911
-0.07513852554791933,0.25407084172900496,-1.4156656649383663,0.199296600234467
-0.07330374970353326,0.25545003733847516,-1.4094867183004158,0.200468933177022
-0.07144110294804207,0.2568501834299053,-1.4032139112200597,0.201641266119578
-0.06955297299500329,0.2582694851660321,-1.396855284763842,0.202813599062134
-0.06764113693074414,0.25970660671628676,-1.3904168235982926,0.203985932004689
-0.06570683935946686,0.26116061251534806,-1.3839027191580096,0.205158264947245
-0.06375083730286335,0.26263093351223543,-1.3773155208534023,0.206330597889801
-0.06177341398896319,0.2641173568052717,-1.3706561825071875,0.207502930832356
-0.05977436055843344,0.2656200393934032,-1.3639240007469744,0.208675263774912
-0.05775292236241736,0.2671395485439578,-1.3571164341533137,0.209847596717468
-0.05570770860164398,0.2686769297166598,-1.3502287989527044,0.211019929660023
-0.05363658910474234,0.27023378415506705,-1.3432539213994978,0.212192262602579
-0.051536851854332655,0.27181215047467355,-1.3361826682741114,0.213364595545135
-0.049411547351629226,0.27340973562268256,-1.329025312702976,0.214536928487691
-0.04727885474704052,0.2750128743851632,-1.3218430763337619,0.215709261430246
-0.04516595605045659,0.27660113412517484,-1.3147274996067557,0.216881594372802
-0.04309333444567187,0.2781591176936631,-1.3077475634277322,0.218053927315358
-0.04106441264040661,0.2796842522512948,-1.3009147943972983,0.219226260257913
-0.039071335821401876,0.28118244223810906,-1.2942027399805984,0.220398593200469
-0.03710431706307826,0.28266104445729945,-1.2875784408975701,0.221570926143025
-0.03515571829520214,0.2841258004238101,-1.2810161745355386,0.22274325908558
-0.033220403581374236,0.28558057080593735,-1.2744986446797948,0.223915592028136
-0.031295051578095756,0.2870278522478267,-1.2680146660924763,0.225087924970692
-0.029377492539211403,0.2884692757412861,-1.261556931752535,0.226260257913247
-0.027466262801494,0.2899059415176608,-1.2551205125036369,0.227432590855803
-0.025560334673395024,0.2913386220896681,-1.248701947404622,0.228604923798359
-0.023658956746475335,0.2927678822888231,-1.2422987059487451,0.229777256740914
-0.021761558794510805,0.2941941507525021,-1.2359088677938455,0.23094958968347
-0.019867693849678125,0.29561776346510404,-1.2295309276932,0.232121922626026
-0.01797700186606388,0.2970389910720841,-1.223163673125674,0.233294255568581
-0.01608918617807764,0.2984580565760946,-1.2168061050150825,0.234466588511137
-0.014203997737364915,0.2998751471860517,-1.2104573846450783,0.235638921453693
-0.012321184212358172,0.3012904525788529,-1.204116662242489,0.236811254396249
-0.010440391835266016,0.30270423868070706,-1.197782746428917,0.237983587338804
-0.008561283034227762,0.30411675924339,-1.1914545003687538,0.23915592028136
-0.006683562999421633,0.3055282358745781,-1.1851309312354574,0.240328253223916
-0.004806973676588999,0.30693886255289904,-1.178811169983635,0.241500586166471
-0.002931288091056583,0.3083488098945477,-1.1724944522341403,0.242672919109027
-0.001056305404989466,0.3097582288687344,-1.166180101628458,0.243845252051583
0.0008181532442157469,0.3111672539259518,-1.1598675158137266,0.245017584994138
0.0026922481982962765,0.3125760055946134,-1.1535561548095215,0.246189917936694
0.004566124130835902,0.3139845926254261,-1.14724553140082,0.24736225087925
0.006439912401969394,0.31539311376141765,-1.1409352032081002,0.248534583821805
0.00831373300565108,0.3168016592016909,-1.1346247661295499,0.249706916764361
0.010187696184800421,0.3182103118155237,-1.1283138489017712,0.250879249706917
0.0120619037754508,0.3196191481527637,-1.1220021085731071,0.252051582649472
0.013936450328934757,0.32102823928736934,-1.1156892267244758,0.253223915592028
0.015811424051210166,0.3224376515234999,-1.109374906306019,0.254396248534584
0.017686907590392265,0.323847446987501,-1.1030588689849374,0.25556858147714
0.019562978697162947,0.3252576841243311,-1.0967408529214462,0.256740914419695
0.02143971077753437,0.32666841811307457,-1.090420610907237,0.257913247362251
0.023317173353324838,0.32807970121307717,-1.0840979088147422,0.259085580304807
0.025195432442290278,0.3294915830496925,-1.077772524316972,0.260257913247362
0.027074550867075553,0.3309041108465176,-1.071444245847063,0.261430246189918
0.028954588499785716,0.3323173296092383,-1.0651128717746392,0.262602579132474
0.030835602446943167,0.3337312822646594,-1.0587782097829366,0.263774912075029
0.03271764717777326,0.3351460097571377,-1.0524400764367747,0.264947245017585
0.03460077459708244,0.3365615511033633,-1.046098296937129,0.266119577960141
0.03648503406236836,0.33797794340522236,-1.0397527050635065,0.267291910902696
0.0383704723431495,0.33939522181922466,-1.0334031433109128,0.268464243845252
0.04025713351878757,0.34081341947969634,-1.0270494632339542,0.269636576787808
0.04214505880918096,0.3422325673715141,-1.020691526017007,0.270808909730363
0.04403428633057427,0.343652694146547,-1.0143292032965754,0.271981242672919
0.04592485076624131,0.34507382587611035,-1.0079623782703262,0.273153575615475
0.04781678293886604,0.34649598572952445,-1.001590947137178,0.27432590855803
0.049710109267864455,0.3479191935661867,-0.9952148209248654,0.275498241500586
0.05160485109055091,0.34934346542529426,-0.9888339277760404,0.276670574443142
0.053501023820639704,0.3507688128932902,-0.9824482157821725,0.277842907385698
0.05539863591083338,0.35219524232404664,-0.9760576564772239,0.279015240328253
0.057297687577748224,0.3536227538803931,-0.9696622491316992,0.280187573270809
0.05919816923665788,0.3550513403575193,-0.9632620260239352,0.281359906213365
0.0611000595797806,0.3564809857384279,-0.9568570589118235,0.28253223915592
0.06300332321416335,0.3579116634183399,-0.9504474669876737,0.283704572098476
0.06490790775239419,0.3593433340177925,-0.9440334266757726,0.284876905041032
0.06681374021970976,0.3607759426818702,-0.9376151837321193,0.286049237983587
0.06872072260224082,0.36220941573383536,-0.9311930682365268,0.287221570926143
0.0706287263101546,0.36364365651308894,-0.9247675132390137,0.288393903868699
0.072537585261927,0.36507854017663743,-0.9183390780497971,0.289566236811254
0.07444708720620485,0.3665139071757624,-0.9119084774645229,0.29073856975381
0.07635696277760351,0.3679495550292957,-0.9054766186208908,0.291910902696366
0.07826687162128843,0.36938522789350925,-0.8990446477266867,0.293083235638921
0.08017638470305499,0.3708206032646515,-0.8926140096338622,0.294255568581477
0.08208496162583012,0.3722552749278316,-0.8861865242293998,0.295427901524033
0.08399192137157896,0.3736887309637942,-0.8797644849673533,0.296600234466589
0.0858964043410888,0.3751203252143378,-0.8733507867068854,0.297772567409144
0.08779732298008036,0.376549240168107,-0.8669490919879614,0.2989449003517
0.08969337775707631,0.3779744989711098,-0.8605637772229262,0.300117233294256
0.09158323942479885,0.3793951024320745,-0.8541993188975698,0.301289566236811
0.09346549479760324,0.38080998826350543,-0.8478604761756432,0.302461899179367
0.09533862243316538,0.3822180128016799,-0.8415523727952643,0.303634232121923
0.09720099041789854,0.3836179493419509,-0.8352805045269387,0.304806565064478
0.09905085502093658,0.385008487126951,-0.8290507437065215,0.305978898007034
0.10088636028652398,0.3863882310401947,-0.8228693406079118,0.30715123094959
0.10270553858786746,0.3877557020224043,-0.8167429215778634,0.308323563892145
0.10450631209971384,0.38910933817844384,-0.8106784840768041,0.309495896834701
0.10628649505941068,0.3904474964769522,-0.8046833890642923,0.310668229777257
0.10804379657381569,0.3917684548602878,-0.7987653515462373,0.311840562719812
0.10977582358886928,0.39307041447674695,-0.7929324305743102,0.313012895662368
0.11148008346513527,0.39435150161659305,-0.7871930205723373,0.314185228604924
0.11315398538884192,0.3956097687727276,-0.7815558465843578,0.315357561547479
0.11479483958133052,0.3968431940464394,-0.776029966936952,0.316529894490035
0.11639985292833388,0.3980496778619429,-0.770624787958453,0.317702227432591
0.11796611919562006,0.39922703561150796,-0.7653500969295766,0.318874560375147
0.11949060136198697,0.4003729843752233,-0.7602161215803207,0.320046893317702
0.12097010266688146,0.4014851211575774,-0.7552336275924622,0.321219226260258
0.12240122153027921,0.4025608890008632,-0.7504140704151889,0.322391559202814
0.12378028318183332,0.4035975255910125,-0.7457698255165713,0.323563892145369
0.12510323693445247,0.40459198603844393,-0.7413145343337699,0.324736225087925
0.1263655011916145,0.40554082637051825,-0.7370636262395409,0.325908558030481
0.12756172569296775,0.40644002481225483,-0.7330351192240994,0.327080890973036
0.1286854160791091,0.4072846995727777,-0.7292508842425958,0.328253223915592
0.12972831524419992,0.40806864380989794,-0.7257387286244704,0.329425556858148
0.13067932215729527,0.4087835129112818,-0.7225360371423926,0.330597889800703
0.13152244495669185,0.4094172858414902,-0.719696665345205,0.331770222743259
0.13223247240942793,0.40995101139080625,-0.7173055167177804,0.332942555685815
0.13276422925391218,0.41035073144787093,-0.7155147272998321,0.33411488862837
0.13300598514061246,0.4105324586373371,-0.7147005696860276,0.335287221570926
0.13256672000598457,0.41020226432672113,-0.7161798761828302,0.336459554513482
0.13103174103725634,0.4090484251475228,-0.7213492014533629,0.337631887456038
0.12898771870765802,0.4075119395701332,-0.728232824289369,0.338804220398593
0.12683941722972292,0.40589706766343525,-0.735467626423377,0.339976553341149
0.12467120086707828,0.4042672257964348,-0.742769495610998,0.341148886283705
0.12250156655671351,0.40263631806230116,-0.7500761399995364,0.34232121922626
0.12033520715161061,0.4010078720648267,-0.7573717555395552,0.343493552168816
0.11817320675483978,0.39938270272110366,-0.7646526913136714,0.344665885111372
0.11601557848462907,0.39776081989206546,-0.7719189031438289,0.345838218053927
0.11386201624689063,0.39614199348768575,-0.7791714218584207,0.347010550996483
0.11171214113112038,0.39452593868205255,-0.7864115235085749,0.348182883939039
0.10956558462489974,0.39291237846546356,-0.7936404491279448,0.349355216881594
0.10742201458086087,0.39130106316371904,-0.8008593172841566,0.35052754982415
0.10528114033123992,0.3896917742827146,-0.8080691068546076,0.351699882766706
0.10314271036398792,0.3880843227615831,-0.8152706648525904,0.352872215709261
0.10100650770181407,0.38647854549913196,-0.8224647219892203,0.354044548651817
0.09887234496047315,0.3848743016391758,-0.8296519093155605,0.355216881594373
0.0967400598041015,0.3832714691543222,-0.8368327735276262,0.356389214536929
0.0946095110079812,0.38166994188636605,-0.8440077902257463,0.357561547479484
0.09248057513876717,0.3800696270508246,-0.8511773750945146,0.35873388042204
0.09035314378983483,0.37847044315875666,-0.8583418932132688,0.359906213364596
0.0882271212901673,0.3768723182945404,-0.8655016667718332,0.361078546307151
0.08610242280718028,0.3752751886897714,-0.8726569814596083,0.362250879249707
0.08397897277331157,0.373678997540535,-0.8798080917643223,0.363423212192263
0.08185670357734232,0.37208369402367714,-0.8869552253792454,0.364595545134818
0.07973555447188407,0.3704892324755642,-0.8940985868824312,0.365767878077374
0.07761547065757957,0.36889557170368037,-0.9012383608208405,0.36694021101993
0.07549640251211054,0.36730267440707465,-0.9083747143067975,0.368112543962485
0.07337830493826125,0.36571050668630334,-0.9155077992135076,0.369284876905041
0.07126113681023205,0.36411903762722275,-0.9226377540397005,0.370457209847597
0.0691448605013556,0.3625282389459781,-0.9297647055001297,0.371629542790152
0.06702943947196593,0.3609380831758102,-0.9368887766488695,0.372801875732708
0.06491483325496583,0.3593485398977203,-0.9440101037663492,0.373974208675264
0.06280100441252068,0.35775958096979865,-0.9511288129313917,0.375146541617819
0.06068791987140276,0.35617118153099714,-0.9582450155242014,0.376318874560375
0.05857555031103989,0.35458331954112743,-0.9653588102872243,0.377491207502931
0.056463869661290245,0.3529959754033407,-0.9724702850164777,0.378663540445487
0.0543528546869978,0.35140913165183907,-0.9795795179606422,0.379835873388042
0.05224248464184056,0.3498227726916727,-0.9866865789867914,0.381008206330598
0.05013274097800613,0.3482368845805055,-0.9937915305581091,0.382180539273154
0.0480236071012512,0.3466514548444939,-1.0008944285587769,0.383352872215709
0.045915068163128625,0.3450664723221035,-1.0079953229936824,0.384525205158265
0.04380711088389466,0.3434819270309897,-1.0150942585848173,0.385697538100821
0.04169972340090622,0.3418978100540393,-1.0221912752818225,0.386869871043376
0.039592895138360173,0.3403141134414518,-1.0292864087006703,0.388042203985932
0.03748661669499764,0.33873083012632854,-1.036379690501836,0.389214536928488
0.03538087974703652,0.3371479538517068,-1.0434711487171948,0.390386869871043
0.033275676964081624,0.33556547910735035,-1.0505608080332058,0.391559202813599
0.031171001936174836,0.3339834010749123,-1.0576486900365873,0.392731535756155
0.029066849110448212,0.33240171558031806,-1.0647348134276484,0.39390386869871
0.026963213736112657,0.330820419052414,-1.0718191942055484,0.395076201641266
0.024860091816724994,0.3292395084870847,-1.0789018458290494,0.396248534583822
0.022757480068845037,0.32765898141617855,-1.0859827793557413,0.397420867526378
0.020655375886342142,0.32607883588067454,-1.0930620035622511,0.398593200468933
0.01855377730973129,0.32449907040763315,-1.100139525047508,0.399765533411489
0.016452683000000246,0.32291968399052373,-1.1072153483208804,0.400937866354045
0.01435209221650835,0.3213406760726081,-1.1142894758766149,0.4021101992966
0.01225200479856503,0.3197620465330955,-1.1213619082558661,0.403282532239156
0.010152421150397162,0.3181837956758429,-1.1284326440973245,0.404454865181712
0.008053342229238147,0.3166059242203991,-1.1355016801773303,0.405627198124267
0.0059547695363282305,0.3150284332952422,-1.1425690114401796,0.406799531066823
0.0038567051106601635,0.3134513244330772,-1.149634631019188,0.407971864009379
0.0017591515253239098,0.3118745995680883,-1.156698530248999,0.409144196951934
-0.0003378881136418821,0.3102982610350753,-1.1637606986694538,0.41031652989449
-0.002434410165976564,0.30872231157041186,-1.1708211240213022,0.411488862837046
-0.004530410453549294,0.3071467543147861,-1.1778797922339168,0.412661195779601
-0.006625884254353731,0.30557159281771673,-1.1849366874050686,0.413833528722157
-0.008720826294153161,0.3039968310438319,-1.1919917917727914,0.415005861664713
-0.010815230735744752,0.30242247338093997,-1.1990450856792254,0.416178194607268
-0.01290909116580008,0.30084852464992085,-1.2060965475263032,0.417350527549824
-0.015002400579211761,0.29927499011649306,-1.2131461537230308,0.41852286049238
-0.01709515136084616,0.2977018755049303,-1.2201938786240392,0.419695193434936
-0.019187335264584493,0.29612918701381585,-1.2272396944589998,0.420867526377491
-0.021278943389509752,0.2945569313339429,-1.2342835712524296,0.422039859320047
-0.023369966153056643,0.29298511566849794,-1.2413254767332702,0.423212192262603
-0.025460393260922976,0.29141374775567663,-1.2483653762335571,0.424384525205158
-0.027550213673503965,0.2898428358939187,-1.2554032325753808,0.425556858147714
-0.02963941556856231,0.2882723889699643,-1.2624390059451736,0.42672919109027
-0.031727986299829536,0.28670241648997674,-1.2694726537542897,0.427901524032825
-0.033815912351154,0.28513292861400696,-1.276504130484592,0.429073856975381
-0.035903179285793896,0.283563936194112,-1.2835333875176844,0.430246189917937
-0.037989771690355556,0.28199545081649435,-1.290560372946116,0.431418522860492
-0.04007567311284865,0.2804274848480668,-1.2975850313647703,0.432590855803048
-0.0421608659942162,0.2788600514879207,-1.304607303640278,0.433763188745604
-0.04424533159261956,0.2772931648242407,-1.3116271266560366,0.434935521688159
-0.04632904989966735,0.275726839897277,-1.3186444330300897,0.436107854630715
-0.048411999547630424,0.2741610927690876,-1.3256591508026618,0.437280187573271
-0.05049415770655852,0.2725959406008793,-1.3326712030896788,0.438452520515827
-0.052575499970049844,0.2710314017388731,-1.3396805076980725,0.439624853458382
-0.054656000228220813,0.2694674958097911,-1.3466869766979854,0.440797186400938
-0.056735630526194236,0.267904243827233,-1.3536905159462047,0.441969519343494
-0.05881436090616843,0.26634166831038963,-1.3606910245542987,0.443141852286049
-0.06089215923079094,0.26477979341681435,-1.3676883942937954,0.444314185228605
-0.06296899098517927,0.26321864509124393,-1.3746825089294497,0.445486518171161
-0.06504481905448145,0.26165825123280206,-1.3816732434701426,0.446658851113716
-0.06711960347331525,0.26009864188334997,-1.3886604633250645,0.447831184056272
-0.06919330114275146,0.258539849440226,-1.3956440233506089,0.449003516998828
-0.07126586550970293,0.2569819088972489,-1.4026237667706534,0.450175849941383
-0.07333724620260818,0.25542485811857296,-1.4095995239496597,0.451348182883939
-0.07540738861607699,0.25386873815091016,-1.4165711109938863,0.452520515826495
-0.07747623343568288,0.25231359358074035,-1.4235383281510436,0.45369284876905
-0.07954371609226529,0.2507594729445113,-1.4305009579725552,0.454865181711606
-0.08160976613278936,0.24920642920156277,-1.4374587631948086,0.456037514654162
-0.08367430649194296,0.24765452028166313,-1.4444114842861273,0.457209847596717
-0.08573725264503573,0.2461038097217736,-1.4513588365940007,0.458382180539273
-0.08779851161812158,0.24455436741013648,-1.4583005070114874,0.459554513481829
-0.08985798082537255,0.24300627046021694,-1.4652361500618594,0.460726846424385
-0.09191554669608692,0.2414596042427779,-1.472165383274795,0.46189917936694
-0.09397108304374946,0.23991446361185154,-1.4790877816938914,0.463071512309496
-0.0960244491165042,0.2383709543701944,-1.4860028713112698,0.464243845252052
-0.09807548725099058,0.23682919503289135,-1.492910121166433,0.465416178194607
-0.10012402002821941,0.23528931896527538,-1.499808933768157,0.466588511137163
-0.10216984679850827,0.23375147699512278,-1.5066986333915655,0.467760844079719
-0.10421273939905285,0.2322158406317425,-1.5135784516562607,0.468933177022274
-0.10625243682720908,0.2306826060700553,-1.5204475095876182,0.47010550996483
-0.10828863854712456,0.22915199922197838,-1.5273047950756287,0.471277842907386
-0.1103209959847713,0.22762428210958374,-1.534149134232853,0.472450175849941
-0.112349101587508,0.22609976108899388,-1.540979154550475,0.473622508792497
-0.11437247455815647,0.22457879757403498,-1.5477932368551675,0.474794841735053
-0.11639054196928655,0.22306182223257154,-1.554589451707959,0.475967174677608
-0.11840261333491253,0.2215493541008906,-1.5613654737697225,0.477139507620164
-0.12040784571403229,0.22004202681526497,-1.568118464280897,0.47831184056272
-0.12240519477311196,0.21854062539814256,-1.5748449062553633,0.479484173505276
-0.12439334443765304,0.21704613913885673,-1.581540367569096,0.480656506447831
-0.12637060283126955,0.21555983981591287,-1.5881991505157858,0.481828839390387
-0.12833482813578134,0.21408333742774244,-1.5948140421270018,0.483001172332943
-0.1302837018909313,0.2126183747541064,-1.6013772345594828,0.484173505275498
-0.1322144535504023,0.2111670344065275,-1.6078793974866372,0.485345838218054
-0.13412353133139177,0.20973198624970002,-1.6143085696236716,0.48651817116061
-0.13600629607273318,0.20831671752743675,-1.6206491277382549,0.487690504103165
-0.13785655968893007,0.20692587980541743,-1.626880232309205,0.488862837045721
-0.13966587100121775,0.20556582580988025,-1.6329734224306427,0.490035169988277
-0.14142238220177294,0.20424546150314282,-1.6388887984207952,0.491207502930832
-0.14310900985424646,0.20297762845409717,-1.6445688286515254,0.492379835873388
-0.14470042029861796,0.20178136990052087,-1.6499281973422213,0.493552168815944
-0.146158191877776,0.200685567289135,-1.654837512464011,0.494724501758499
-0.14742386750811154,0.19973416263787303,-1.659099908987666,0.495896834701055
-0.14841267156143123,0.19899088153727518,-1.6624298893226186,0.497069167643611
-0.14902069914888916,0.19853382898689187,-1.6644775345588472,0.498241500586166
-0.14916700577560094,0.1984238507256153,-1.6649702491550182,0.499413833528722
-0.148852150007023,0.19866052688143476,-1.6639099141835023,0.500586166471278
-0.14815743866974262,0.19918273935177977,-1.661570345404587,0.501758499413834
-0.1471870012209624,0.19991221432972783,-1.6583022180037226,0.502930832356389
-0.14602722836313864,0.20078401217816144,-1.6543964686324504,0.504103165298945
-0.14473968324710984,0.20175185605754087,-1.6500604225752502,0.505275498241501
-0.1433669608987047,0.20278372741214534,-1.6454375264511976,0.506447831184056
-0.141939473366673,0.20385676559431665,-1.6406301984532017,0.507620164126612
-0.1404804888955944,0.20495347993299395,-1.6357167986937835,0.508792497069168
-0.13900969971879618,0.20605906783426442,-1.6307636444068891,0.509964830011723
-0.13754607262558083,0.2071592720183566,-1.625834609759683,0.511137162954279
-0.13611078585608805,0.20823817286440405,-1.6210010163885968,0.512309495896835
-0.13473132741472815,0.20927510772028413,-1.6163554352269998,0.51348182883939
-0.13344424987607928,0.21024260012312124,-1.6120209638230132,0.514654161781946
-0.13227943119582952,0.21111819090144168,-1.6080982217124866,0.515826494724502
-0.13126326861863413,0.21188203732402466,-1.604676106493789,0.516998827667057
-0.13041869282587382,0.21251690246507393,-1.6018318414730024,0.518171160609613
-0.12975837153401626,0.2130132640393536,-1.5996080875257426,0.519343493552169
-0.12927966646544542,0.21337310523239306,-1.5979959597647055,0.520515826494725
-0.12896510128283534,0.21360956295559452,-1.596936603395124,0.52168815943728
-0.12878802486578944,0.2137426707778265,-1.5963402658451642,0.522860492379836
-0.12871947390610972,0.21379420033273333,-1.5961094078233864,0.524032825322392
-0.12873292566417427,0.21378408868573362,-1.5961547091039332,0.525205158264947
-0.12880633044937806,0.21372891052444665,-1.5964019132799265,0.526377491207503
-0.1289223290946495,0.21364171468373816,-1.5967925601490798,0.527549824150059
-0.12906765245206897,0.21353247554309895,-1.5972819634042459,0.528722157092614
-0.12923230784015682,0.21340870457182648,-1.5978364708443555,0.52989449003517
-0.12940882015787836,0.21327602078139862,-1.5984309086856205,0.531066822977726
-0.12959161085248383,0.21313861755352015,-1.599046490120997,0.532239155920281
-0.12977651876458607,0.21299962281947238,-1.5996692016774583,0.533411488862837
-0.12996044052849576,0.21286136937012246,-1.600288592197686,0.534583821805393
-0.130141063897388,0.21272559531461233,-1.6008968747633012,0.535756154747948
-0.13031667065255625,0.2125935922328941,-1.6014882629553622,0.536928487690504
-0.13048599074379885,0.21246631481797107,-1.6020584796451676,0.53810082063306
-0.13064809391288157,0.2123444623422237,-1.6026043920162447,0.539273153575615
-0.1308023087320952,0.21222853951588738,-1.603123738911735,0.540445486518171
-0.13094816175525048,0.21211890222707108,-1.6036149259141246,0.541617819460727
-0.13108533149700852,0.2120157921353596,-1.6040768703621384,0.542790152403283
-0.13121361345862337,0.21191936296185898,-1.604508883568468,0.543962485345838
-0.13133289164548922,0.2118297018993731,-1.6049105748998485,0.545134818288394
-0.13144308362682877,0.21174687091087518,-1.605281666755407,0.54630715123095
-0.13154410092478586,0.21167093650490965,-1.605621861169617,0.547479484173505
-0.1316358459398227,0.21160197204676257,-1.605930829458002,0.548651817116061
-0.13171821149124374,0.21154005810384735,-1.6062082106697684,0.549824150058617
-0.13179108053495103,0.2114852826578686,-1.6064536106372924,0.550996483001172
-0.13185432596720126,0.21143774125233628,-1.6066666013152349,0.552168815943728
-0.1319078104613025,0.2113975371153214,-1.6068467202305898,0.553341148886284
-0.13195138630588232,0.21136478128102865,-1.6069934699380188,0.554513481828839
-0.1319848952258872,0.2113395927243502,-1.6071063174170384,0.555685814771395
-0.13200816817480776,0.21132209851704986,-1.6071846933722969,0.556858147713951
-0.13202102509090186,0.21131243401101107,-1.6072279914126089,0.558030480656506
-0.13202327461267793,0.21131074305210373,-1.6072355670927978,0.559202813599062
-0.1320147137503046,0.21131717822718765,-1.6072067368071028,0.560375146541618
-0.13199512751032538,0.21133190114621248,-1.6071407765253383,0.561547479484174
-0.1319642884713884,0.21135508276113968,-1.6070369203640857,0.562719812426729
-0.1319219563087357,0.2113869037233833,-1.6068943589853213,0.563892145369285
-0.13186787726508586,0.2114275547815465,-1.606712237814516,0.565064478311841
-0.13180178356530736,0.21147723722140777,-1.6064896550694443,0.566236811254396
-0.13172339277196532,0.21153616335035785,-1.60622565958986,0.567409144196952
-0.1316324070784639,0.2116045570287386,-1.605919248457033,0.568581477139508
-0.13152851253608444,0.2116826542508794,-1.6055693643906488,0.569753810082063
-0.13141137821077364,0.2117707037789356,-1.605174892909142,0.570926143024619
-0.13128065526505917,0.21186896783300968,-1.6047346592378755,0.572098475967175
-0.13113597595994353,0.21197772284142502,-1.6042474249478338,0.57327080890973
-0.13097695257109876,0.21209726025541964,-1.6037118843057088,0.574443141852286
-0.130803176213106,0.21222788743296106,-1.6031266603143095,0.575615474794842
-0.13061421556489905,0.21236992859682724,-1.6024903004202573,0.576787807737397
-0.1304096154889467,0.21252372587256207,-1.601801271863827,0.577960140679953
-0.13018889553609547,0.21268964041238236,-1.60105795664373,0.579132473622509
-0.12995154832735212,0.21286805361158634,-1.6002586460674657,0.580304806565064
-0.12969703780327058,0.2130593684244837,-1.5994015348558106,0.58147713950762
-0.12942479733101475,0.21326401078731183,-1.5984847147680026,0.582649472450176
-0.12913422765864668,0.2134824311559913,-1.5975061677124252,0.583821805392732
-0.12882469470575153,0.21371510616690648,-1.5964637583061325,0.584994138335287
-0.12849552717924118,0.21396254042909857,-1.5953552258456267,0.586166471277843
-0.12814601400313086,0.2142252684562953,-1.5941781756511548,0.587338804220399
-0.12777540155135791,0.21450385674699257,-1.5929300697477164,0.588511137162954
-0.12738289067345643,0.21479890602024732,-1.5916082168484698,0.58968347010551
-0.12696763350425544,0.21511105361381588,-1.590209761610807,0.590855803048066
-0.12652873005101495,0.21544097604959633,-1.588731673142898,0.592028135990621
-0.12606522455479452,0.21578939176877454,-1.5871707327499305,0.593200468933177
-0.12557610162779986,0.21615706403537116,-1.585523520925911,0.594372801875733
-0.1250602821754837,0.21654480400158582,-1.5837864036205846,0.595545134818288
-0.12451661912193168,0.21695347392101216,-1.581955517843882,0.596717467760844
-0.12394389297042752,0.21738399048574686,-1.5800267567153055,0.5978898007034
-0.12334080724913643,0.2178373282498578,-1.5779957541264231,0.599062133645955
-0.12270598391600396,0.2183145230835073,-1.5758578692660175,0.600234466588511
-0.12203795882892121,0.21881667557801476,-1.5736081713650305,0.601406799531067
-0.12133517742918054,0.21934495429059186,-1.571241425159804,0.602579132473622
-0.12059599084081163,0.21990059867645906,-1.5687520777558717,0.603751465416178
-0.11981865265864655,0.22048492150324783,-1.566134247811175,0.604923798358734
-0.11900131678736958,0.22109931047538134,-1.5633817182586658,0.60609613130129
-0.11814203680616153,0.22174522871166857,-1.5604879341666256,0.607268464243845
-0.11723876747225925,0.2224242136150829,-1.5574460078021835,0.608440797186401
-0.11628936914449794,0.22313787354759906,-1.5542487335284105,0.609613130128957
-0.11529161610493477,0.2238878815748533,-1.5508886158289221,0.610785463071512
-0.11424320997892567,0.22467596537830947,-1.5473579145024734,0.611957796014068
-0.11314179968996452,0.22550389225526768,-1.5436487118645579,0.613130128956624
-0.11198507751746445,0.2263733969125099,-1.539753236239739,0.614302461899179
-0.11077205965395343,0.22728521887522124,-1.5356681744745928,0.615474794841735
-0.10950308170095135,0.22823910587272578,-1.531394656769241,0.616647127784291
-0.1081787429950577,0.2292346073854632,-1.5269347015004122,0.617819460726846
-0.10679986684522258,0.2302711045345156,-1.5222910813131054,0.618991793669402
-0.10536749565923798,0.23134781374500912,-1.5174673067081494,0.620164126611958
-0.1038828813959326,0.23246379392317262,-1.512467593888203,0.621336459554513
-0.10234747157141388,0.23361795697540222,-1.5072968176311938,0.622508792497069
-0.10076289127177973,0.23480908132925515,-1.5019604507147961,0.623681125439625
-0.09913092182010796,0.23603582796940858,-1.4964644920735817,0.624853458382181
-0.09745347689485484,0.23729675838939213,-1.4908153863733111,0.626025791324736
-0.09573257698822302,0.238590353791156,-1.4850199379947706,0.627198124267292
-0.0939703231214859,0.23991503484318333,-1.4790852225152706,0.628370457209848
-0.0921688707017454,0.2412691813322918,-1.4730184986664465,0.629542790152403
-0.0903304043194979,0.24265115110822522,-1.4668271234604067,0.630715123094959
-0.08845711416145852,0.24405929781406788,-1.460518472755559,0.631887456037515
-0.0865511745634856,0.24549198700794572,-1.454099869029624,0.63305978898007
-0.0846147250693583,0.2469476104010888,-1.4475785175915672,0.634232121922626
-0.08264985420600346,0.2484245980539439,-1.440961451941678,0.635404454865182
-0.08065858604516762,0.24992142847772914,-1.434255488515518,0.636576787807737
-0.07864286950248289,0.25143663667829164,-1.4274671906465481,0.637749120750293
-0.07660457023108991,0.25296882024964895,-1.4206028412664065,0.638921453692849
-0.07454546489911296,0.25451664367559457,-1.4136684236332475,0.640093786635405
-0.07246723759671159,0.25607884103050504,-1.4066696092318258,0.64126611957796
-0.07037147809620359,0.25765421728720184,-1.3996117519141378,0.642438452520516
-0.06825968168381791,0.25924164844342146,-1.3924998873328203,0.643610785463071
-0.06613325029012995,0.260840080672071,-1.3853387367480976,0.644783118405627
-0.06399349466406823,0.2624485286870335,-1.3781327143491522,0.645955451348183
-0.06184163735935011,0.26406607349827316,-1.3708859373114988,0.647127784290739
-0.05967881632936023,0.26569185970957476,-1.3636022379034025,0.648300117233294
-0.05750608895469522,0.2673250924910524,-1.3562851770493758,0.64947245017585
-0.05532443635527562,0.26896503433774477,-1.3489380588520195,0.650644783118406
-0.053134767864976284,0.27061100170605124,-1.341563945661158,0.651817116060961
-0.050937925570452736,0.272262361601908,-1.3341656733591831,0.652989449003517
-0.048734688836985396,0.2739185281787244,-1.3267458666026675,0.654161781946073
-0.046525778762540604,0.27557895938927857,-1.3193069538222382,0.655334114888628
-0.044311862517026235,0.2772431537239113,-1.3118511818358236,0.656506447831184
-0.0420935575370176,0.27891064705736435,-1.3043806299751628,0.65767878077374
-0.039871435557325086,0.2805810096182608,-1.296897223662861,0.658851113716295
-0.03764602647000481,0.2822538430882997,-1.289402747408317,0.660023446658851
-0.03541782200896437,0.28392877783254766,-1.2818988572163144,0.661195779601407
-0.033187279264618286,0.28560547025748395,-1.274387092423273,0.662368112543962
-0.030954824038261664,0.2872836002895267,-1.2668688869937224,0.663540445486518
-0.028720854050328537,0.28896286896339385,-1.2593455803247047,0.664712778429074
-0.026485742020661562,0.2906429961066759,-1.251818427619152,0.66588511137163
-0.02424983864266006,0.29232371810417535,-1.2442886099018775,0.667057444314185
-0.022013475476883704,0.2940047857227932,-1.2367572437643248,0.668229777256741
-0.019776967793704747,0.2956859619747183,-1.2292253909377173,0.669402110199297
-0.017540617399120273,0.297367019993269,-1.2216940678095123,0.670574443141852
-0.015304715483312137,0.29904774089164143,-1.2141642550164446,0.671746776084408
-0.013069545594683207,0.30072791152733513,-1.206636907460148,0.672919109026964
-0.010835387656247697,0.30240732148304295,-1.1991129678330883,0.674091441969519
-0.008602520118788703,0.3040857614481294,-1.1915933738697244,0.675263774912075
-0.006371219678691031,0.3057630234307349,-1.1840790573962527,0.676436107854631
-0.004141761529792398,0.30743890056846124,-1.1765709451787636,0.677608440797186
-0.0019144196828092541,0.30911318688825773,-1.1690699599989702,0.678780773739742
0.0003105326702552702,0.31078567703249904,-1.1615770218814157,0.679953106682298
0.0025328227429952666,0.3124561659484453,-1.1540930494847212,0.681125439624854
0.004752177688314818,0.31412444853773636,-1.1466189616718903,0.682297772567409
0.00696832407364778,0.31579031926191603,-1.1391556792776094,0.683470105509965
0.00918098729131911,0.3174535716992022,-1.1317041270939574,0.68464243845252
0.011389890896424504,0.319113998046773,-1.1242652361002237,0.685814771395076
0.013594755863111985,0.3207713885617154,-1.1168399459675171,0.686987104337632
0.01579529974829219,0.3224255309323891,-1.1094292078751224,0.688159437280188
0.01799123574960615,0.3240762095703038,-1.1020339876829728,0.689331770222743
0.020182271641725924,0.3257232048105396,-1.0946552695138474,0.690504103165299
0.022368108571720002,0.3273662920062266,-1.0872940598102099,0.691676436107855
0.024548439690051715,0.32900524049946944,-1.079951391944565,0.69284876905041
0.026722948588600914,0.3306398124472141,-1.0726283314797156,0.694021101992966
0.028891307510600317,0.33226976147566245,-1.0653259821971302,0.695193434935522
0.031053175289155632,0.33389483113066265,-1.0580454930393566,0.696365767878077
0.03320819496057803,0.33551475308365886,-1.0507880661475673,0.697538100820633
0.035355990985312946,0.33712924504267194,-1.0435549662205945,0.698710433763189
0.037496165991872,0.33873800830472156,-1.0363475314803423,0.699882766705744
0.03962829693645964,0.34034072486903044,-1.0291671866049505,0.7010550996483
0.04175193054099102,0.3419370540077944,-1.0220154580921152,0.702227432590856
0.043866577832207154,0.3435266281612517,-1.0148939926496245,0.703399765533411
0.045971707550631624,0.3451090479832153,-1.0078045793919188,0.704572098475967
0.04806673812441509,0.3466838763078359,-1.0007491768696477,0.705744431418523
0.05015102780110792,0.34825063073168283,-0.9937299463027524,0.706916764361079
0.052223862387175135,0.34980877439757485,-0.9867492928699116,0.708089097303634
0.05428443984075737,0.3513577044130043,-0.9798099175952666,0.70926143024619
0.05633185066664459,0.35289673711309466,-0.9729148833719699,0.710433763188746
0.05836505262382086,0.3544250890483376,-0.966067700139201,0.711606096131301
0.06038283759342189,0.35594185207933315,-0.9592724364604416,0.712778429073857
0.0623837874305091,0.3574459601907003,-0.9525338682007775,0.713950762016413
0.06436621399723053,0.35893614441417676,-0.9458576804763167,0.715123094958968
0.06632807591750689,0.36041087025336394,-0.9392507479981581,0.716295427901524
0.06826686010281979,0.36186824862700884,-0.9327215340561906,0.71746776084408
0.07017939374409488,0.36330589454385587,-0.9262807236711603,0.718640093786635
0.07206134085914151,0.3647205486588363,-0.9199429190641846,0.719812426729191
0.07390700704523501,0.36610793050615964,-0.9137272971885011,0.720984759671747
0.07570932611565451,0.36746272845403594,-0.9076576547333981,0.722157092614303
0.07745953317405219,0.3687783539556426,-0.9017635091066758,0.723329425556858
0.07914678604289094,0.3700466569779921,-0.8960813733443251,0.724501758499414
0.08075779390537119,0.37125764685316054,-0.890656006727448,0.725674091441969
0.08227656529685179,0.37239930284417877,-0.88554126346771,0.726846424384525
0.08368448331022593,0.3734576306766939,-0.8807998394393387,0.728018757327081
0.08496101739213802,0.3744171975940911,-0.8765008750738579,0.729191090269637
0.08608539358332323,0.3752623878722501,-0.872714330517163,0.730363423212192
0.08703930453190756,0.37597943992857563,-0.8695018591590437,0.731535756154748
0.08781016079540716,0.3765588903161554,-0.8669058582730123,0.732708089097304
0.08839374502563957,0.3769975688667564,-0.8649405305582462,0.733880422039859
0.08879507331897063,0.3772992461652731,-0.8635889833834891,0.735052754982415
0.08902710120273039,0.3774736608435212,-0.8628075866168733,0.736225087924971
0.08910801011426672,0.3775344798345164,-0.8625351109090389,0.737397420867526
0.08905826544937168,0.3774970869161238,-0.8627026352585931,0.738569753810082
0.08889830326960357,0.3773768438157512,-0.863241337452598,0.739742086752638
0.08864455374117353,0.37718610104104844,-0.8640958858707993,0.740914419695193
0.08830115591932919,0.37692796990767974,-0.8652523414799445,0.742086752637749
0.08787148531469158,0.376604987777057,-0.8666993366243786,0.743259085580305
0.0873612154960346,0.37622141945415244,-0.8684177645130419,0.744431418522861
0.08677724450613145,0.37578245017744405,-0.8703843947124541,0.745603751465416
0.0861268589671984,0.3752935572794345,-0.8725746881760716,0.746776084407972
0.08541717622448819,0.3747600908476316,-0.8749646759287977,0.747948417350528
0.0846548244278944,0.37418703324282854,-0.8775320364512905,0.749120750293083
0.0838457940947952,0.37357888751933177,-0.8802565955695054,0.750293083235639
0.08299539895556496,0.372939647992645,-0.8831204583146768,0.751465416178195
0.08210829914742224,0.37227281767421894,-0.8861079308137402,0.75263774912075
0.08118855548894599,0.37158144906944357,-0.889205337509881,0.753810082063306
0.08023969579057888,0.3708681940230596,-0.8924007978496555,0.754982415005862
0.07926478249787605,0.3701353545663906,-0.8956839984818585,0.756154747948417
0.07826647619949534,0.36938493065610967,-0.8990459793826302,0.757327080890973
0.0772470926166422,0.3686186630130406,-0.9024789419329746,0.758499413833529
0.07620865240427199,0.367838070557575,-0.9059760812040029,0.759671746776084
0.07515292398108753,0.36704448260485334,-0.9095314417190133,0.76084407971864
0.07408146001516425,0.36623906629090475,-0.9131397945813992,0.762016412661196
0.07299562833867523,0.3654228498111538,-0.9167965333636054,0.763188745603751
0.07189663807428759,0.3645967420595546,-0.9204975861216607,0.764361078546307
0.0707855616990023,0.3637615492139168,-0.92423934109112,0.765533411488863
0.06966335368787879,0.36291798875033776,-0.9280185839008775,0.766705744431418
0.06853086629101535,0.362066701302711,-0.9318324444412708,0.767878077373974
0.06738886291253166,0.3612082607196696,-0.9356783518078847,0.76905041031653
0.06623802948459945,0.3603431826144108,-0.9395539959974032,0.770222743259086
0.06507898416402891,0.35947193165359215,-0.9434572952525604,0.771395076201641
0.0639122856234231,0.3585949277897673,-0.9473863681401475,0.772567409144197
0.06273844016246599,0.3577125516069206,-0.9513395096024397,0.773739742086753
0.061557907826334635,0.35682514891965944,-0.9553151703523073,0.774912075029308
0.0603711076864224,0.35593303474271853,-0.9593119390894074,0.776084407971864
0.05917842241228932,0.3550364967276809,-0.9633285271032986,0.77725674091442
0.05798020224218714,0.35413579814761187,-0.967363754901959,0.778429073856975
0.05677687932482134,0.3532312638474222,-0.9714161671447828,0.779601406799531
0.05556966932002805,0.35232380763503857,-0.9754816698726722,0.780773739742087
0.05436002171073895,0.35141451908251997,-0.9795553816840589,0.781946072684642
0.053149231518241136,0.35050437165356185,-0.9836329413554965,0.783118405627198
0.05193846316606532,0.34959424064190947,-0.9877104274756153,0.784290738569754
0.050728771501208136,0.3486849189729495,-0.9917842876522674,0.78546307151231
0.049521118876657555,0.3477771300445953,-0.9958512809839652,0.786635404454865
0.04831638914342129,0.3468715382450509,-0.9999084309391472,0.787807737397421
0.0471153991952491,0.3459687576309476,-1.003952986477185,0.788980070339977
0.0459189085586067,0.3450693591360965,-1.0079823897523825,0.790152403282532
0.044727627408591486,0.3441738765970317,-1.0119942491188885,0.791324736225088
0.043542223307618144,0.34328281181845766,-1.0159863164369394,0.792497069167644
0.042363326900103804,0.34239663885392946,-1.0199564678949449,0.793669402110199
0.041191536747900326,0.34151580764063216,-1.0239026877252821,0.794841735052755
0.040027423453782074,0.34064074709899317,-1.0278230543176894,0.796014067995311
0.038871533191267016,0.3397718677860415,-1.0317157283319347,0.797186400937866
0.03772439073633316,0.33890956417433715,-1.0355789424879598,0.798358733880422
0.03658650207866154,0.33805421661483614,-1.0394109927720283,0.799531066822978
0.03545835667586439,0.33720619303138744,-1.0432102308452023,0.800703399765533
0.03434042940278781,0.33636585038601585,-1.0469750574787045,0.801875732708089
0.03323318223889338,0.3355335359473264,-1.0507039168713426,0.803048065650645
0.03213706572937691,0.3347095883888176,-1.0543952917289319,0.8042203985932
0.03105252024968075,0.3338943387394149,-1.058047699005809,0.805392731535756
0.029979977098242516,0.3330881112048867,-1.0616596862248002,0.806565064478312
0.028919859438290896,0.332291223875788,-1.0652298283055521,0.807737397420867
0.02787258310623497,0.3315039893351257,-1.06875672484213,0.808909730363423
0.026838557301505306,0.33072671517690866,-1.07223899777985,0.810082063305979
0.025818185170425778,0.3299597044450435,-1.0756752894489847,0.811254396248535
0.024811864294873143,0.3292032560006586,-1.079064260919108,0.81242672919109
0.02381998709490496,0.3284576648247579,-1.0824045906431747,0.813599062133646
0.02284294115326979,0.32772322226215445,-1.0856949733646726,0.814771395076202
0.021881109468623094,0.3270002162118113,-1.088934119264869,0.815943728018757
0.02093487064338939,0.3262889312680586,-1.092120753330151,0.817116060961313
0.020004599011472113,0.32558964881659147,-1.0952536149219376,0.818288393903869
0.019090664710391003,0.3249026470886953,-1.0983314575337488,0.819460726846424
0.018193433701930273,0.3242282011767674,-1.101353048721662,0.82063305978898
0.017313267744962557,0.3235665830138901,-1.1043171701958376,0.821805392731536
0.016450524323785132,0.3229180613199576,-1.107222618061859,0.822977725674091
0.0156055565350397,0.3222829015166784,-1.1100682032015479,0.824150058616647
0.01477871293608235,0.3216613656135925,-1.1128527517836104,0.825322391559203
0.013970337357512186,0.3210537120671506,-1.115575105894981,0.826494724501759
0.013180768682462984,0.3204601956148083,-1.1182341242840965,0.827667057444314
0.012410340595171432,0.3198810670860257,-1.1208286832076384,0.82883939038687
0.011659381301326821,0.31931657319205464,-1.123357677372314,0.830011723329426
0.010928213222637817,0.318766956296346,-1.125820020963448,0.831184056271981
0.010217152668124507,0.31823245416746015,-1.128214648751978,0.832356389214537
0.0095265094846122,0.31771329971634565,-1.1305405172714718,0.833528722157093
0.008856586688968937,0.31720972071989073,-1.1327966060566454,0.834701055099648
0.008207680084675317,0.3167219395327028,-1.1349819189346262,0.835873388042204
0.007580077865365853,0.31625017278909007,-1.137095485360104,0.83704572098476
0.0069740602080337055,0.31579463109727435,-1.1391363617852914,0.838218053927315
0.006389898858661702,0.31535551872791245,-1.1411036330553859,0.839390386869871
0.0058278567130747305,0.31493303329902345,-1.142996413820124,0.840562719812427
0.005288187395875221,0.31452736545947513,-1.144813849951801,0.841735052754982
0.004771134840339641,0.31413869857319465,-1.1465551199600397,0.842907385697538
0.00427693287219344,0.3137672084062928,-1.1482194363935092,0.844079718640094
0.00380580480017767,0.31341306281929326,-1.1498060472187677,0.845252051582649
0.003357963016315413,0.31307642146665615,-1.1513142371664373,0.846424384525205
0.0029336086087521362,0.31275743550574897,-1.1527433290350357,0.847596717467761
0.002532930990007287,0.31245624731740596,-1.1540926849429085,0.848769050410317
0.0021561075433793597,0.31217299024013156,-1.155361707519027,0.849941383352872
0.0018033032901705326,0.31190778831995325,-1.1565498410236672,0.851113716295428
0.001474670580272397,0.3116607560778366,-1.157656572390422,0.852286049237984
0.0011703488085033076,0.3114319982964573,-1.158681432181486,0.853458382180539
0.0008904641589404516,0.3112216098280147,-1.1596239954486682,0.854630715123095
0.0006351293792807855,0.311029675424622,-1.160483882493267,0.855803048065651
0.00040444358707869554,0.31085626959265333,-1.1612607595186055,0.856975381008206
0.00019849210947087137,0.3107014564722659,-1.161954339169787,0.858147713950762
1.7346357752856534e-05,0.31056528974312125,-1.1625643809560802,0.859320046893318
-0.0001389362620692891,0.31044781255714526,-1.163090691552154,0.860492379835873
-0.00027031240191099926,0.3103490574989656,-1.1635331249753245,0.861664712778429
-0.00037675278684923263,0.310269046574456,-1.1638915826368792,0.862837045720985
-0.00045824219267787125,0.31020779122760755,-1.1641660132664922,0.86400937866354
-0.000514779385766273,0.3101652923857363,-1.1643564127096842,0.865181711606096
-0.0005463770254848788,0.3101415405328314,-1.1644628235992234,0.866354044548652
-0.0005530615297364427,0.3101365158106326,-1.1644853349022783,0.867526377491208
-0.0005348729043909151,0.31015018814684514,-1.1644240813460078,0.868698710433763
-0.0004918645376836839,0.31018251740968905,-1.1642792427251583,0.869871043376319
-0.00042410296086092814,0.3102334535878226,-1.1640510430959925,0.871043376318875
-0.00033166757657965285,0.31030293699450184,-1.1637397498616284,0.87221570926143
-0.000214650356775703,0.3103908984946926,-1.1633456727545515,0.873388042203986
-7.315551188202818e-05,0.3104972597537188,-1.1628691627226486,0.874560375146542
9.270086656587573e-05,0.3106219335059146,-1.162310610725614,0.875732708089097
0.00028270332323576675,0.31076475779414037,-1.1616707423490837,0.876905041031653
0.0004959426543882373,0.31092504917261654,-1.1609526195046316,0.878077373974209
0.0007312197953150967,0.3111019063079272,-1.1601602802641924,0.879249706916764
0.0009873839748446578,0.3112944641687643,-1.1592976000622974,0.88042203985932
0.0012633324939221868,0.31150189385949,-1.1583682924417402,0.881594372801876
0.0015580083760509122,0.31172340085397754,-1.157375916966156,0.882766705744431
0.0018703980022443112,0.31195822321781463,-1.1563238871847497,0.883939038686987
0.0021995287579168465,0.3122056298394762,-1.1552154785568338,0.885111371629543
0.002544466712660398,0.31246491868621873,-1.1540538362656045,0.886283704572098
0.0029043143485505407,0.31273541509645675,-1.1528419828684933,0.887456037514654
0.0032782083482616464,0.3130164701170943,-1.151582825746094,0.88862837045721
0.003665317450757488,0.3133074588916531,-1.1502791643235255,0.889800703399766
0.004064840379478962,0.3136077791028993,-1.1489336970476391,0.890973036342321
0.004476003845673482,0.3139168494719504,-1.1475490281111778,0.892145369284877
0.004898060627716472,0.31423410831450704,-1.1461276739210142,0.893317702227433
0.005330287725871186,0.31455901215379223,-1.1446720693123398,0.894490035169988
0.0057719845908159595,0.3148910343889404,-1.1431845735144226,0.895662368112544
0.0062224714234500045,0.31522966401696495,-1.1416674758763314,0.8968347010551
0.0066810875428415795,0.31557440440595186,-1.140123001363166,0.898007033997655
0.007147189818711874,0.3159247721167606,-1.1385533158349632,0.899179366940211
0.007620151164518196,0.31628029577027994,-1.1369605311215107,0.900351699882767
0.008099359086969349,0.31664051495710344,-1.1353467099071264,0.901524032825322
0.00858421428761691,0.3170049791863485,-1.13371387044006,0.902696365767878
0.009074129312118151,0.317373246870313,-1.1320639910813444,0.903868698710434
0.009568527242681979,0.31774488434158843,-1.130399014708228,0.905041031652989
0.010066840429201696,0.318119464899258,-1.1287208529873218,0.906213364595545
0.010568509254584413,0.3184965678807987,-1.127031390532576,0.907385697538101
0.01107298092981357,0.31887577775633,-1.1253324889631362,0.908558030480657
0.011579708314283899,0.3192566832418684,-1.1236259908760757,0.909730363423212
0.012088148757019246,0.3196388764282694,-1.1219137237488133,0.910902696365768
0.012597762954364322,0.3200219519225611,-1.1201975037860463,0.912075029308324
0.013108013819807418,0.32040550599839035,-1.118479139725833,0.913247362250879
0.013618365361583562,0.3207891357523236,-1.1167604366194674,0.914419695193435
0.014128281563717815,0.32117243826272746,-1.1150431995997765,0.915592028135991
0.014637225266188159,0.321555009747992,-1.1133292376523778,0.916764361078546
0.015144657039834142,0.3219364447208035,-1.111620367404629,0.917936694021102
0.01565003405166565,0.3223163351351981,-1.1099184169469156,0.919109026963658
0.01615280891613735,0.3226942695230708,-1.1082252297011936,0.920281359906213
0.01665242852796678,0.32306983211680596,-1.1065426683516897,0.921453692848769
0.017148332871967487,0.32344260195463415,-1.1048726188530091,0.922626025791325
0.017639953805360653,0.323812151965299,-1.1032169945309254,0.92379835873388
0.018126713807926853,0.32417804802854766,-1.1015777402914786,0.924970691676436
0.01860802469532641,0.324539848007942,-1.0999568369541006,0.926143024618992
0.019083286290849877,0.32489710075241285,-1.0983563057247452,0.927315357561547
0.019551885050813178,0.32524934506297654,-1.0967782128251236,0.928487690504103
0.020013192638801636,0.32559610862099686,-1.095224674294199,0.929660023446659
0.020466564443953006,0.32593690687438315,-1.0936978609781463,0.930832356389215
0.020911338038530625,0.32627124187815326,-1.0922000037247526,0.93200468933177
0.021346831570136393,0.32659860108586325,-1.0907333987979444,0.933177022274326
0.021772342084092955,0.3269184560885481,-1.0893004135274718,0.934349355216882
0.022187143771793982,0.32723026129801225,-1.0879034922079116,0.935521688159437
0.022590486141244037,0.327533452571628,-1.0865451622597158,0.936694021101993
0.02298159210655748,0.32782744577621914,-1.0852280406631731,0.937866354044549
0.023359655993974604,0.3281116352891891,-1.0839548406735207,0.939038686987104
0.02372384146297213,0.32838539243582443,-1.0827283788219881,0.94021101992966
0.02407327934240011,0.32864806386272627,-1.0815515822030057,0.941383352872216
0.024407065383313498,0.32889896984862,-1.0804274960419602,0.942555685814771
0.024724257932400073,0.3291374025554794,-1.079359291530352,0.943728018757327
0.025023875532724338,0.32936262422500984,-1.0783502739057425,0.944900351699883
0.025304894462019556,0.32957386532819344,-1.077403890741999,0.946072684642438
0.025566246223184264,0.3297703226788984,-1.0765237404005217,0.947245017584994
0.025806815007038075,0.32995115752664406,-1.075713580574874,0.94841735052755
0.026025435154039656,0.33011549364857906,-1.0749773368389233,0.949589683470106
0.026220888649757468,0.330262415466835,-1.0743191110812997,0.950762016412661
0.02639190269860503,0.3303909662247111,-1.0737431896762937,0.951934349355217
0.02653714743202995,0.33050014626392477,-1.0732540512019553,0.953106682297773
0.026655233821110125,0.33058891145551783,-1.072856373469808,0.954279015240328
0.026744711879720606,0.3306561718491825,-1.0725550395760175,0.955451348182884
0.026804069263138164,0.3307007906198347,-1.0723551426208513,0.95662368112544
0.02683173038830522,0.3307215834063215,-1.0722619886713505,0.957796014067995
0.02682605622591372,0.3307173181551293,-1.072281097461527,0.958968347010551
0.02678534494065743,0.3306867156016604,-1.0724182002361964,0.960140679953107
0.026707833583875074,0.3306284505425878,-1.0726792340506859,0.961313012895662
0.02659170107125486,0.3305411540741865,-1.0730703317428685,0.962485345838218
0.026435072705661256,0.3304234169921303,-1.073597806701705,0.963657678780774
0.026236026529044887,0.3302737945662024,-1.0742681314760167,0.964830011723329
0.02599260180449736,0.3300908129162312,-1.0750879092095966,0.966002344665885
0.025702809935495896,0.3298729772200564,-1.0760638368686346,0.967174677608441
0.025364648118830768,0.32961878197639094,-1.0772026592629667,0.968347010550996
0.02497611599438687,0.32932672352041625,-1.0785111129748541,0.969519343493552
0.024535235491931706,0.32899531494255196,-1.0799958595212613,0.970691676436108
0.024040073975656995,0.328623103486142,-1.0816634074103346,0.971864009378664
0.023488770645816448,0.328208690393486,-1.083520023229009,0.973036342321219
0.02287956597061025,0.3277507530297019,-1.085571632525701,0.974208675263775
0.022210833692090537,0.32724806894146985,-1.087823712024508,0.975381008206331
0.02148111468559022,0.3266995413090661,-1.090281175597326,0.976553341148886
0.020689151669283756,0.3261042250374384,-1.0929482573729878,0.977725674091442
0.019833923484357863,0.32546135252450736,-1.0958283962924633,0.978898007033998
0.018914677430352134,0.3247703579675498,-1.098924127213615,0.980070339976553
0.017930957983049778,0.3240308989503511,-1.102236984198403,0.981242672919109
0.016882630182198044,0.32324287402368523,-1.105767421750414,0.982415005861665
0.01576989608392476,0.32240643507254996,-1.1095147594083064,0.98358733880422
0.014593302943163078,0.32152199346687027,-1.1134771541899844,0.984759671746776
0.013353742217425468,0.3205902193126373,-1.1176516039475761,0.985932004689332
0.01205243903263109,0.31961203353340495,-1.1220339828432004,0.987104337631887
0.010690932369081585,0.3185885929761414,-1.1266191080763601,0.988276670574443
0.009271046840810593,0.31752126919785284,-1.1314008349221925,0.989449003516999
0.007794857481253636,0.316411621995075,-1.1363721753222313,0.990621336459555
0.006264649350083751,0.31526136904044644,-1.1415254339158563,0.99179366940211
0.004682873999399151,0.3140723531584755,-1.14685235464844,0.992966002344666
0.003052104869851746,0.3128465087969343,-1.1523442709831373,0.994138335287222
0.0013749935440743322,0.31158582914269606,-1.1579922532255398,0.995310668229777
-0.00034577149664205553,0.31029233511924503,-1.1637872474181923,0.996483001172333
-0.002107502336109457,0.3089680472252787,-1.1697202015067305,0.997655334114889
-0.003907544436588584,0.3076149608690142,-1.1757821758448794,0.998827667057444
